2025-05-26 03:47:19,031 20100 INFO ? odoo: Odoo version 18.0 
2025-05-26 03:47:19,031 20100 INFO ? odoo: Using configuration file at C:\Users\odvid\OneDrive\Desktop\python\odoo-18\odoo.conf 
2025-05-26 03:47:19,032 20100 INFO ? odoo: addons paths: ['C:\\Users\\odvid\\OneDrive\\Desktop\\python\\odoo-18\\odoo\\addons', 'c:\\users\\odvid\\appdata\\local\\openerp s.a\\odoo\\addons\\18.0', 'c:\\users\\odvid\\onedrive\\desktop\\python\\odoo-18\\addons', 'c:\\users\\odvid\\onedrive\\desktop\\python\\dtt_app\\apps', 'c:\\users\\odvid\\onedrive\\desktop\\python\\odoo-18\\odoo\\addons'] 
2025-05-26 03:47:19,032 20100 INFO ? odoo: database: odoo_dev@localhost:5432 
2025-05-26 03:47:19,371 20100 INFO ? odoo.addons.base.models.ir_actions_report: You need Wkhtmltopdf to print a pdf version of the reports. 
2025-05-26 03:47:19,383 20100 INFO ? odoo.addons.base.models.ir_actions_report: You need Wkhtmltoimage to generate images from html. 
2025-05-26 03:47:20,048 20100 INFO ? odoo.service.server: HTTP service (werkzeug) running on Chaerin:8069 
2025-05-26 03:47:20,101 20100 INFO ? odoo.sql_db: Connection to the database failed 
2025-05-26 03:47:37,545 7492 INFO ? odoo: Odoo version 18.0 
2025-05-26 03:47:37,547 7492 INFO ? odoo: Using configuration file at C:\Users\odvid\OneDrive\Desktop\python\odoo-18\odoo.conf 
2025-05-26 03:47:37,547 7492 INFO ? odoo: addons paths: ['C:\\Users\\odvid\\OneDrive\\Desktop\\python\\odoo-18\\odoo\\addons', 'c:\\users\\odvid\\appdata\\local\\openerp s.a\\odoo\\addons\\18.0', 'c:\\users\\odvid\\onedrive\\desktop\\python\\odoo-18\\addons', 'c:\\users\\odvid\\onedrive\\desktop\\python\\dtt_app\\apps', 'c:\\users\\odvid\\onedrive\\desktop\\python\\odoo-18\\odoo\\addons'] 
2025-05-26 03:47:37,547 7492 INFO ? odoo: database: odoo_dev@localhost:5432 
2025-05-26 03:47:37,839 7492 INFO ? odoo.addons.base.models.ir_actions_report: You need Wkhtmltopdf to print a pdf version of the reports. 
2025-05-26 03:47:37,849 7492 INFO ? odoo.addons.base.models.ir_actions_report: You need Wkhtmltoimage to generate images from html. 
2025-05-26 03:47:38,342 7492 INFO ? odoo.service.server: HTTP service (werkzeug) running on Chaerin:8069 
2025-05-26 03:49:13,616 7492 INFO ? odoo.sql_db: Connection to the database failed 
2025-05-26 03:49:13,674 7492 INFO ? werkzeug: 127.0.0.1 - - [26/May/2025 03:49:13] "GET / HTTP/1.1" 303 - 0 0.000 0.251
2025-05-26 03:49:13,743 7492 INFO ? odoo.sql_db: Connection to the database failed 
2025-05-26 03:49:13,805 7492 INFO ? odoo.sql_db: Connection to the database failed 
2025-05-26 03:49:13,806 7492 INFO ? werkzeug: 127.0.0.1 - - [26/May/2025 03:49:13] "GET /odoo HTTP/1.1" 303 - 0 0.000 0.123
2025-05-26 03:49:13,867 7492 INFO ? odoo.sql_db: Connection to the database failed 
2025-05-26 03:49:20,929 18848 INFO ? odoo: Odoo version 18.0 
2025-05-26 03:49:20,929 18848 INFO ? odoo: Using configuration file at C:\Users\odvid\OneDrive\Desktop\python\odoo-18\odoo.conf 
2025-05-26 03:49:20,929 18848 INFO ? odoo: addons paths: ['C:\\Users\\odvid\\OneDrive\\Desktop\\python\\odoo-18\\odoo\\addons', 'c:\\users\\odvid\\appdata\\local\\openerp s.a\\odoo\\addons\\18.0', 'c:\\users\\odvid\\onedrive\\desktop\\python\\odoo-18\\addons', 'c:\\users\\odvid\\onedrive\\desktop\\python\\dtt_app\\apps', 'c:\\users\\odvid\\onedrive\\desktop\\python\\odoo-18\\odoo\\addons'] 
2025-05-26 03:49:20,930 18848 INFO ? odoo: database: odoo_dev@localhost:5432 
2025-05-26 03:49:21,277 18848 INFO ? odoo.addons.base.models.ir_actions_report: You need Wkhtmltopdf to print a pdf version of the reports. 
2025-05-26 03:49:21,290 18848 INFO ? odoo.addons.base.models.ir_actions_report: You need Wkhtmltoimage to generate images from html. 
2025-05-26 03:49:22,003 18848 INFO ? odoo.service.server: HTTP service (werkzeug) running on Chaerin:8069 
2025-05-26 03:49:22,667 7492 INFO ? odoo.sql_db: Connection to the database failed 
2025-05-26 03:49:22,897 7492 INFO ? werkzeug: 127.0.0.1 - - [26/May/2025 03:49:22] "GET /web/database/selector HTTP/1.1" 200 - 0 0.000 9.081
2025-05-26 03:49:22,982 7492 INFO ? odoo.sql_db: Connection to the database failed 
2025-05-26 03:49:23,000 7492 INFO ? werkzeug: 127.0.0.1 - - [26/May/2025 03:49:23] "GET /web/static/src/libs/fontawesome/css/font-awesome.css HTTP/1.1" 200 - 0 0.000 0.064
2025-05-26 03:49:23,025 7492 INFO ? odoo.sql_db: Connection to the database failed 
2025-05-26 03:49:23,041 7492 INFO ? werkzeug: 127.0.0.1 - - [26/May/2025 03:49:23] "GET /web/static/lib/bootstrap/dist/css/bootstrap.css HTTP/1.1" 200 - 0 0.000 0.100
2025-05-26 03:49:23,070 7492 INFO ? odoo.sql_db: Connection to the database failed 
2025-05-26 03:49:23,094 7492 INFO ? werkzeug: 127.0.0.1 - - [26/May/2025 03:49:23] "GET /web/static/lib/bootstrap/js/dist/dom/data.js HTTP/1.1" 200 - 0 0.000 0.148
2025-05-26 03:49:23,115 7492 INFO ? odoo.sql_db: Connection to the database failed 
2025-05-26 03:49:23,150 7492 INFO ? werkzeug: 127.0.0.1 - - [26/May/2025 03:49:23] "GET /web/static/lib/bootstrap/js/dist/util/index.js HTTP/1.1" 200 - 0 0.000 0.198
2025-05-26 03:49:23,164 7492 INFO ? odoo.sql_db: Connection to the database failed 
2025-05-26 03:49:23,205 7492 INFO ? werkzeug: 127.0.0.1 - - [26/May/2025 03:49:23] "GET /web/static/lib/bootstrap/js/dist/dom/event-handler.js HTTP/1.1" 200 - 0 0.000 0.247
2025-05-26 03:49:23,213 7492 INFO ? odoo.sql_db: Connection to the database failed 
2025-05-26 03:49:23,240 7492 INFO ? werkzeug: 127.0.0.1 - - [26/May/2025 03:49:23] "GET /web/static/lib/bootstrap/js/dist/dom/manipulator.js HTTP/1.1" 200 - 0 0.000 0.278
2025-05-26 03:49:23,260 7492 INFO ? odoo.sql_db: Connection to the database failed 
2025-05-26 03:49:23,288 7492 INFO ? werkzeug: 127.0.0.1 - - [26/May/2025 03:49:23] "GET /web/static/lib/bootstrap/js/dist/dom/selector-engine.js HTTP/1.1" 200 - 0 0.000 0.282
2025-05-26 03:49:23,308 7492 INFO ? odoo.sql_db: Connection to the database failed 
2025-05-26 03:49:23,333 7492 INFO ? werkzeug: 127.0.0.1 - - [26/May/2025 03:49:23] "GET /web/static/lib/bootstrap/js/dist/util/config.js HTTP/1.1" 200 - 0 0.000 0.283
2025-05-26 03:49:23,463 7492 INFO ? odoo.sql_db: Connection to the database failed 
2025-05-26 03:49:23,487 7492 INFO ? werkzeug: 127.0.0.1 - - [26/May/2025 03:49:23] "GET /web/static/lib/bootstrap/js/dist/util/component-functions.js HTTP/1.1" 200 - 0 0.000 0.388
2025-05-26 03:49:23,508 7492 INFO ? odoo.sql_db: Connection to the database failed 
2025-05-26 03:49:23,540 7492 INFO ? werkzeug: 127.0.0.1 - - [26/May/2025 03:49:23] "GET /web/static/lib/bootstrap/js/dist/util/backdrop.js HTTP/1.1" 200 - 0 0.000 0.385
2025-05-26 03:49:23,656 7492 INFO ? odoo.sql_db: Connection to the database failed 
2025-05-26 03:49:23,683 7492 INFO ? werkzeug: 127.0.0.1 - - [26/May/2025 03:49:23] "GET /web/static/lib/bootstrap/js/dist/util/focustrap.js HTTP/1.1" 200 - 0 0.000 0.475
2025-05-26 03:49:23,703 7492 INFO ? odoo.sql_db: Connection to the database failed 
2025-05-26 03:49:23,731 7492 INFO ? werkzeug: 127.0.0.1 - - [26/May/2025 03:49:23] "GET /web/static/lib/bootstrap/js/dist/util/scrollbar.js HTTP/1.1" 200 - 0 0.000 0.486
2025-05-26 03:49:23,750 7492 INFO ? odoo.sql_db: Connection to the database failed 
2025-05-26 03:49:23,776 7492 INFO ? werkzeug: 127.0.0.1 - - [26/May/2025 03:49:23] "GET /web/static/lib/bootstrap/js/dist/base-component.js HTTP/1.1" 200 - 0 0.000 0.482
2025-05-26 03:49:23,810 7492 INFO ? odoo.sql_db: Connection to the database failed 
2025-05-26 03:49:23,858 7492 INFO ? werkzeug: 127.0.0.1 - - [26/May/2025 03:49:23] "GET /web/static/lib/bootstrap/js/dist/modal.js HTTP/1.1" 200 - 0 0.000 0.521
2025-05-26 03:49:23,876 7492 INFO ? odoo.sql_db: Connection to the database failed 
2025-05-26 03:49:23,898 7492 INFO ? werkzeug: 127.0.0.1 - - [26/May/2025 03:49:23] "GET /web/static/src/public/database_manager.js HTTP/1.1" 200 - 0 0.000 0.406
2025-05-26 03:49:23,949 7492 INFO ? odoo.sql_db: Connection to the database failed 
2025-05-26 03:49:23,954 7492 INFO ? werkzeug: 127.0.0.1 - - [26/May/2025 03:49:23] "GET /web/static/img/logo2.png HTTP/1.1" 200 - 0 0.000 0.051
2025-05-26 03:49:24,122 7492 INFO ? odoo.sql_db: Connection to the database failed 
2025-05-26 03:49:24,136 7492 INFO ? werkzeug: 127.0.0.1 - - [26/May/2025 03:49:24] "GET /web/static/img/favicon.ico HTTP/1.1" 200 - 0 0.000 0.170
2025-05-26 03:49:24,170 7492 INFO ? odoo.sql_db: Connection to the database failed 
2025-05-26 03:49:24,182 7492 INFO ? werkzeug: 127.0.0.1 - - [26/May/2025 03:49:24] "GET /web/static/src/libs/fontawesome/fonts/fontawesome-webfont.woff2?v=4.7.0 HTTP/1.1" 200 - 0 0.000 0.155
2025-05-26 03:51:03,023 7492 INFO ? odoo.sql_db: Connection to the database failed 
2025-05-26 03:51:05,266 7492 INFO None odoo.service.db: Create database `odoo-loi`. 
2025-05-26 03:51:05,314 7492 INFO None odoo.sql_db: Connection to the database failed 
2025-05-26 03:51:05,315 7492 ERROR None odoo.addons.web.controllers.database: Database creation error. 
Traceback (most recent call last):
  File "c:\users\odvid\onedrive\desktop\python\odoo-18\addons\web\controllers\database.py", line 81, in create
    dispatch_rpc('db', 'create_database', [master_pwd, name, bool(post.get('demo')), lang, password, post['login'], country_code, post['phone']])
  File "C:\Users\odvid\OneDrive\Desktop\python\odoo-18\odoo\http.py", line 411, in dispatch_rpc
    return dispatch(method, params)
           ^^^^^^^^^^^^^^^^^^^^^^^^
  File "C:\Users\odvid\OneDrive\Desktop\python\odoo-18\odoo\service\db.py", line 495, in dispatch
    return g[exp_method_name](*params)
           ^^^^^^^^^^^^^^^^^^^^^^^^^^^
  File "c:\Users\odvid\OneDrive\Desktop\python\odoo-18\venv\Lib\site-packages\decorator.py", line 232, in fun
    return caller(func, *(extras + args), **kw)
           ^^^^^^^^^^^^^^^^^^^^^^^^^^^^^^^^^^^^
  File "C:\Users\odvid\OneDrive\Desktop\python\odoo-18\odoo\service\db.py", line 50, in if_db_mgt_enabled
    return method(self, *args, **kwargs)
           ^^^^^^^^^^^^^^^^^^^^^^^^^^^^^
  File "C:\Users\odvid\OneDrive\Desktop\python\odoo-18\odoo\service\db.py", line 155, in exp_create_database
    _create_empty_database(db_name)
  File "C:\Users\odvid\OneDrive\Desktop\python\odoo-18\odoo\service\db.py", line 107, in _create_empty_database
    with closing(db.cursor()) as cr:
                 ^^^^^^^^^^^
  File "C:\Users\odvid\OneDrive\Desktop\python\odoo-18\odoo\sql_db.py", line 796, in cursor
    return Cursor(self.__pool, self.__dbname, self.__dsn)
           ^^^^^^^^^^^^^^^^^^^^^^^^^^^^^^^^^^^^^^^^^^^^^^
  File "C:\Users\odvid\OneDrive\Desktop\python\odoo-18\odoo\sql_db.py", line 288, in __init__
    self._cnx = pool.borrow(dsn)
                ^^^^^^^^^^^^^^^^
  File "c:\Users\odvid\OneDrive\Desktop\python\odoo-18\venv\Lib\site-packages\decorator.py", line 232, in fun
    return caller(func, *(extras + args), **kw)
           ^^^^^^^^^^^^^^^^^^^^^^^^^^^^^^^^^^^^
  File "C:\Users\odvid\OneDrive\Desktop\python\odoo-18\odoo\tools\func.py", line 97, in locked
    return func(inst, *args, **kwargs)
           ^^^^^^^^^^^^^^^^^^^^^^^^^^^
  File "C:\Users\odvid\OneDrive\Desktop\python\odoo-18\odoo\sql_db.py", line 723, in borrow
    result = psycopg2.connect(
             ^^^^^^^^^^^^^^^^^
  File "c:\Users\odvid\OneDrive\Desktop\python\odoo-18\venv\Lib\site-packages\psycopg2\__init__.py", line 122, in connect
    conn = _connect(dsn, connection_factory=connection_factory, **kwasync)
           ^^^^^^^^^^^^^^^^^^^^^^^^^^^^^^^^^^^^^^^^^^^^^^^^^^^^^^^^^^^^^^^
psycopg2.OperationalError: connection to server at "localhost" (::1), port 5432 failed: FATAL:  password authentication failed for user "odoo_dev"

2025-05-26 03:51:05,945 7492 INFO None odoo.sql_db: Connection to the database failed 
2025-05-26 03:51:06,404 7492 INFO None werkzeug: 127.0.0.1 - - [26/May/2025 03:51:06] "POST /web/database/create HTTP/1.1" 200 - 0 0.000 3.437
2025-05-26 03:51:35,075 10580 INFO ? odoo: Odoo version 18.0 
2025-05-26 03:51:35,075 10580 INFO ? odoo: Using configuration file at C:\Users\odvid\OneDrive\Desktop\python\odoo-18\odoo.conf 
2025-05-26 03:51:35,075 10580 INFO ? odoo: addons paths: ['C:\\Users\\odvid\\OneDrive\\Desktop\\python\\odoo-18\\odoo\\addons', 'c:\\users\\odvid\\appdata\\local\\openerp s.a\\odoo\\addons\\18.0', 'c:\\users\\odvid\\onedrive\\desktop\\python\\odoo-18\\addons', 'c:\\users\\odvid\\onedrive\\desktop\\python\\dtt_app\\apps', 'c:\\users\\odvid\\onedrive\\desktop\\python\\odoo-18\\odoo\\addons'] 
2025-05-26 03:51:35,075 10580 INFO ? odoo: database: odoo_dev@localhost:5432 
2025-05-26 03:51:35,393 10580 INFO ? odoo.addons.base.models.ir_actions_report: You need Wkhtmltopdf to print a pdf version of the reports. 
2025-05-26 03:51:35,403 10580 INFO ? odoo.addons.base.models.ir_actions_report: You need Wkhtmltoimage to generate images from html. 
2025-05-26 03:51:36,060 10580 INFO ? odoo.service.server: HTTP service (werkzeug) running on Chaerin:8069 
2025-05-26 03:51:38,349 7492 INFO ? odoo.sql_db: Connection to the database failed 
2025-05-26 03:51:39,525 7492 INFO None odoo.service.db: Create database `odoo-loi`. 
2025-05-26 03:51:39,570 7492 INFO None odoo.sql_db: Connection to the database failed 
2025-05-26 03:51:39,570 7492 ERROR None odoo.addons.web.controllers.database: Database creation error. 
Traceback (most recent call last):
  File "c:\users\odvid\onedrive\desktop\python\odoo-18\addons\web\controllers\database.py", line 81, in create
    dispatch_rpc('db', 'create_database', [master_pwd, name, bool(post.get('demo')), lang, password, post['login'], country_code, post['phone']])
  File "C:\Users\odvid\OneDrive\Desktop\python\odoo-18\odoo\http.py", line 411, in dispatch_rpc
    return dispatch(method, params)
           ^^^^^^^^^^^^^^^^^^^^^^^^
  File "C:\Users\odvid\OneDrive\Desktop\python\odoo-18\odoo\service\db.py", line 495, in dispatch
    return g[exp_method_name](*params)
           ^^^^^^^^^^^^^^^^^^^^^^^^^^^
  File "c:\Users\odvid\OneDrive\Desktop\python\odoo-18\venv\Lib\site-packages\decorator.py", line 232, in fun
    return caller(func, *(extras + args), **kw)
           ^^^^^^^^^^^^^^^^^^^^^^^^^^^^^^^^^^^^
  File "C:\Users\odvid\OneDrive\Desktop\python\odoo-18\odoo\service\db.py", line 50, in if_db_mgt_enabled
    return method(self, *args, **kwargs)
           ^^^^^^^^^^^^^^^^^^^^^^^^^^^^^
  File "C:\Users\odvid\OneDrive\Desktop\python\odoo-18\odoo\service\db.py", line 155, in exp_create_database
    _create_empty_database(db_name)
  File "C:\Users\odvid\OneDrive\Desktop\python\odoo-18\odoo\service\db.py", line 107, in _create_empty_database
    with closing(db.cursor()) as cr:
                 ^^^^^^^^^^^
  File "C:\Users\odvid\OneDrive\Desktop\python\odoo-18\odoo\sql_db.py", line 796, in cursor
    return Cursor(self.__pool, self.__dbname, self.__dsn)
           ^^^^^^^^^^^^^^^^^^^^^^^^^^^^^^^^^^^^^^^^^^^^^^
  File "C:\Users\odvid\OneDrive\Desktop\python\odoo-18\odoo\sql_db.py", line 288, in __init__
    self._cnx = pool.borrow(dsn)
                ^^^^^^^^^^^^^^^^
  File "c:\Users\odvid\OneDrive\Desktop\python\odoo-18\venv\Lib\site-packages\decorator.py", line 232, in fun
    return caller(func, *(extras + args), **kw)
           ^^^^^^^^^^^^^^^^^^^^^^^^^^^^^^^^^^^^
  File "C:\Users\odvid\OneDrive\Desktop\python\odoo-18\odoo\tools\func.py", line 97, in locked
    return func(inst, *args, **kwargs)
           ^^^^^^^^^^^^^^^^^^^^^^^^^^^
  File "C:\Users\odvid\OneDrive\Desktop\python\odoo-18\odoo\sql_db.py", line 723, in borrow
    result = psycopg2.connect(
             ^^^^^^^^^^^^^^^^^
  File "c:\Users\odvid\OneDrive\Desktop\python\odoo-18\venv\Lib\site-packages\psycopg2\__init__.py", line 122, in connect
    conn = _connect(dsn, connection_factory=connection_factory, **kwasync)
           ^^^^^^^^^^^^^^^^^^^^^^^^^^^^^^^^^^^^^^^^^^^^^^^^^^^^^^^^^^^^^^^
psycopg2.OperationalError: connection to server at "localhost" (::1), port 5432 failed: FATAL:  password authentication failed for user "odoo_dev"

2025-05-26 03:51:40,372 7492 INFO None odoo.sql_db: Connection to the database failed 
2025-05-26 03:51:40,791 7492 INFO None werkzeug: 127.0.0.1 - - [26/May/2025 03:51:40] "POST /web/database/create HTTP/1.1" 200 - 0 0.000 2.594
2025-05-26 03:51:43,119 7492 INFO ? odoo.sql_db: Connection to the database failed 
2025-05-26 03:51:43,780 7492 INFO ? odoo.sql_db: Connection to the database failed 
2025-05-26 03:51:44,185 7492 INFO ? werkzeug: 127.0.0.1 - - [26/May/2025 03:51:44] "GET /web/database/selector HTTP/1.1" 200 - 0 0.000 1.110
2025-05-26 03:52:30,038 7492 INFO ? odoo.sql_db: Connection to the database failed 
2025-05-26 03:52:30,840 7492 INFO None odoo.service.db: Create database `odoo-loi`. 
2025-05-26 03:52:30,989 7492 INFO None odoo.sql_db: Connection to the database failed 
2025-05-26 03:52:30,990 7492 ERROR None odoo.addons.web.controllers.database: Database creation error. 
Traceback (most recent call last):
  File "c:\users\odvid\onedrive\desktop\python\odoo-18\addons\web\controllers\database.py", line 81, in create
    dispatch_rpc('db', 'create_database', [master_pwd, name, bool(post.get('demo')), lang, password, post['login'], country_code, post['phone']])
  File "C:\Users\odvid\OneDrive\Desktop\python\odoo-18\odoo\http.py", line 411, in dispatch_rpc
    return dispatch(method, params)
           ^^^^^^^^^^^^^^^^^^^^^^^^
  File "C:\Users\odvid\OneDrive\Desktop\python\odoo-18\odoo\service\db.py", line 495, in dispatch
    return g[exp_method_name](*params)
           ^^^^^^^^^^^^^^^^^^^^^^^^^^^
  File "c:\Users\odvid\OneDrive\Desktop\python\odoo-18\venv\Lib\site-packages\decorator.py", line 232, in fun
    return caller(func, *(extras + args), **kw)
           ^^^^^^^^^^^^^^^^^^^^^^^^^^^^^^^^^^^^
  File "C:\Users\odvid\OneDrive\Desktop\python\odoo-18\odoo\service\db.py", line 50, in if_db_mgt_enabled
    return method(self, *args, **kwargs)
           ^^^^^^^^^^^^^^^^^^^^^^^^^^^^^
  File "C:\Users\odvid\OneDrive\Desktop\python\odoo-18\odoo\service\db.py", line 155, in exp_create_database
    _create_empty_database(db_name)
  File "C:\Users\odvid\OneDrive\Desktop\python\odoo-18\odoo\service\db.py", line 107, in _create_empty_database
    with closing(db.cursor()) as cr:
                 ^^^^^^^^^^^
  File "C:\Users\odvid\OneDrive\Desktop\python\odoo-18\odoo\sql_db.py", line 796, in cursor
    return Cursor(self.__pool, self.__dbname, self.__dsn)
           ^^^^^^^^^^^^^^^^^^^^^^^^^^^^^^^^^^^^^^^^^^^^^^
  File "C:\Users\odvid\OneDrive\Desktop\python\odoo-18\odoo\sql_db.py", line 288, in __init__
    self._cnx = pool.borrow(dsn)
                ^^^^^^^^^^^^^^^^
  File "c:\Users\odvid\OneDrive\Desktop\python\odoo-18\venv\Lib\site-packages\decorator.py", line 232, in fun
    return caller(func, *(extras + args), **kw)
           ^^^^^^^^^^^^^^^^^^^^^^^^^^^^^^^^^^^^
  File "C:\Users\odvid\OneDrive\Desktop\python\odoo-18\odoo\tools\func.py", line 97, in locked
    return func(inst, *args, **kwargs)
           ^^^^^^^^^^^^^^^^^^^^^^^^^^^
  File "C:\Users\odvid\OneDrive\Desktop\python\odoo-18\odoo\sql_db.py", line 723, in borrow
    result = psycopg2.connect(
             ^^^^^^^^^^^^^^^^^
  File "c:\Users\odvid\OneDrive\Desktop\python\odoo-18\venv\Lib\site-packages\psycopg2\__init__.py", line 122, in connect
    conn = _connect(dsn, connection_factory=connection_factory, **kwasync)
           ^^^^^^^^^^^^^^^^^^^^^^^^^^^^^^^^^^^^^^^^^^^^^^^^^^^^^^^^^^^^^^^
psycopg2.OperationalError: connection to server at "localhost" (::1), port 5432 failed: FATAL:  password authentication failed for user "odoo_dev"

2025-05-26 03:52:31,462 7492 INFO None odoo.sql_db: Connection to the database failed 
2025-05-26 03:52:31,848 7492 INFO None werkzeug: 127.0.0.1 - - [26/May/2025 03:52:31] "POST /web/database/create HTTP/1.1" 200 - 0 0.000 1.861
2025-05-26 03:53:14,462 17656 INFO ? odoo: Odoo version 18.0 
2025-05-26 03:53:14,463 17656 INFO ? odoo: Using configuration file at C:\Users\odvid\OneDrive\Desktop\python\odoo-18\odoo.conf 
2025-05-26 03:53:14,463 17656 INFO ? odoo: addons paths: ['C:\\Users\\odvid\\OneDrive\\Desktop\\python\\odoo-18\\odoo\\addons', 'c:\\users\\odvid\\appdata\\local\\openerp s.a\\odoo\\addons\\18.0', 'c:\\users\\odvid\\onedrive\\desktop\\python\\odoo-18\\addons', 'c:\\users\\odvid\\onedrive\\desktop\\python\\dtt_app\\apps', 'c:\\users\\odvid\\onedrive\\desktop\\python\\odoo-18\\odoo\\addons'] 
2025-05-26 03:53:14,463 17656 INFO ? odoo: database: odoo_dev@localhost:5432 
2025-05-26 03:53:14,768 17656 INFO ? odoo.addons.base.models.ir_actions_report: You need Wkhtmltopdf to print a pdf version of the reports. 
2025-05-26 03:53:14,777 17656 INFO ? odoo.addons.base.models.ir_actions_report: You need Wkhtmltoimage to generate images from html. 
2025-05-26 03:53:15,295 17656 INFO ? odoo.service.server: HTTP service (werkzeug) running on Chaerin:8069 
2025-05-26 03:53:49,231 22552 INFO ? odoo: Odoo version 18.0 
2025-05-26 03:53:49,232 22552 INFO ? odoo: Using configuration file at C:\Users\odvid\OneDrive\Desktop\python\odoo-18\odoo.conf 
2025-05-26 03:53:49,232 22552 INFO ? odoo: addons paths: ['C:\\Users\\odvid\\OneDrive\\Desktop\\python\\odoo-18\\odoo\\addons', 'c:\\users\\odvid\\appdata\\local\\openerp s.a\\odoo\\addons\\18.0', 'c:\\users\\odvid\\onedrive\\desktop\\python\\odoo-18\\addons', 'c:\\users\\odvid\\onedrive\\desktop\\python\\dtt_app\\apps', 'c:\\users\\odvid\\onedrive\\desktop\\python\\odoo-18\\odoo\\addons'] 
2025-05-26 03:53:49,232 22552 INFO ? odoo: database: odoo_dev@localhost:5432 
2025-05-26 03:53:49,531 22552 INFO ? odoo.addons.base.models.ir_actions_report: You need Wkhtmltopdf to print a pdf version of the reports. 
2025-05-26 03:53:49,541 22552 INFO ? odoo.addons.base.models.ir_actions_report: You need Wkhtmltoimage to generate images from html. 
2025-05-26 03:53:50,038 22552 INFO ? odoo.service.server: HTTP service (werkzeug) running on Chaerin:8069 
2025-05-26 03:54:03,620 7492 INFO ? odoo.sql_db: Connection to the database failed 
2025-05-26 03:54:04,063 7492 INFO ? odoo.sql_db: Connection to the database failed 
2025-05-26 03:54:04,422 7492 INFO ? werkzeug: 127.0.0.1 - - [26/May/2025 03:54:04] "GET /web/database/selector HTTP/1.1" 200 - 0 0.000 0.845
2025-05-26 03:54:30,543 7492 INFO ? odoo.sql_db: Connection to the database failed 
2025-05-26 03:54:31,339 7492 INFO None odoo.service.db: Create database `odoo-loi`. 
2025-05-26 03:54:31,380 7492 INFO None odoo.sql_db: Connection to the database failed 
2025-05-26 03:54:31,381 7492 ERROR None odoo.addons.web.controllers.database: Database creation error. 
Traceback (most recent call last):
  File "c:\users\odvid\onedrive\desktop\python\odoo-18\addons\web\controllers\database.py", line 81, in create
    dispatch_rpc('db', 'create_database', [master_pwd, name, bool(post.get('demo')), lang, password, post['login'], country_code, post['phone']])
  File "C:\Users\odvid\OneDrive\Desktop\python\odoo-18\odoo\http.py", line 411, in dispatch_rpc
    return dispatch(method, params)
           ^^^^^^^^^^^^^^^^^^^^^^^^
  File "C:\Users\odvid\OneDrive\Desktop\python\odoo-18\odoo\service\db.py", line 495, in dispatch
    return g[exp_method_name](*params)
           ^^^^^^^^^^^^^^^^^^^^^^^^^^^
  File "c:\Users\odvid\OneDrive\Desktop\python\odoo-18\venv\Lib\site-packages\decorator.py", line 232, in fun
    return caller(func, *(extras + args), **kw)
           ^^^^^^^^^^^^^^^^^^^^^^^^^^^^^^^^^^^^
  File "C:\Users\odvid\OneDrive\Desktop\python\odoo-18\odoo\service\db.py", line 50, in if_db_mgt_enabled
    return method(self, *args, **kwargs)
           ^^^^^^^^^^^^^^^^^^^^^^^^^^^^^
  File "C:\Users\odvid\OneDrive\Desktop\python\odoo-18\odoo\service\db.py", line 155, in exp_create_database
    _create_empty_database(db_name)
  File "C:\Users\odvid\OneDrive\Desktop\python\odoo-18\odoo\service\db.py", line 107, in _create_empty_database
    with closing(db.cursor()) as cr:
                 ^^^^^^^^^^^
  File "C:\Users\odvid\OneDrive\Desktop\python\odoo-18\odoo\sql_db.py", line 796, in cursor
    return Cursor(self.__pool, self.__dbname, self.__dsn)
           ^^^^^^^^^^^^^^^^^^^^^^^^^^^^^^^^^^^^^^^^^^^^^^
  File "C:\Users\odvid\OneDrive\Desktop\python\odoo-18\odoo\sql_db.py", line 288, in __init__
    self._cnx = pool.borrow(dsn)
                ^^^^^^^^^^^^^^^^
  File "c:\Users\odvid\OneDrive\Desktop\python\odoo-18\venv\Lib\site-packages\decorator.py", line 232, in fun
    return caller(func, *(extras + args), **kw)
           ^^^^^^^^^^^^^^^^^^^^^^^^^^^^^^^^^^^^
  File "C:\Users\odvid\OneDrive\Desktop\python\odoo-18\odoo\tools\func.py", line 97, in locked
    return func(inst, *args, **kwargs)
           ^^^^^^^^^^^^^^^^^^^^^^^^^^^
  File "C:\Users\odvid\OneDrive\Desktop\python\odoo-18\odoo\sql_db.py", line 723, in borrow
    result = psycopg2.connect(
             ^^^^^^^^^^^^^^^^^
  File "c:\Users\odvid\OneDrive\Desktop\python\odoo-18\venv\Lib\site-packages\psycopg2\__init__.py", line 122, in connect
    conn = _connect(dsn, connection_factory=connection_factory, **kwasync)
           ^^^^^^^^^^^^^^^^^^^^^^^^^^^^^^^^^^^^^^^^^^^^^^^^^^^^^^^^^^^^^^^
psycopg2.OperationalError: connection to server at "localhost" (::1), port 5432 failed: FATAL:  password authentication failed for user "odoo_dev"

2025-05-26 03:54:31,820 7492 INFO None odoo.sql_db: Connection to the database failed 
2025-05-26 03:54:32,186 7492 INFO None werkzeug: 127.0.0.1 - - [26/May/2025 03:54:32] "POST /web/database/create HTTP/1.1" 200 - 0 0.000 1.690
2025-05-26 03:55:16,407 23224 INFO ? odoo: Odoo version 18.0 
2025-05-26 03:55:16,407 23224 INFO ? odoo: Using configuration file at C:\Users\odvid\OneDrive\Desktop\python\odoo-18\odoo.conf 
2025-05-26 03:55:16,407 23224 INFO ? odoo: addons paths: ['C:\\Users\\odvid\\OneDrive\\Desktop\\python\\odoo-18\\odoo\\addons', 'c:\\users\\odvid\\appdata\\local\\openerp s.a\\odoo\\addons\\18.0', 'c:\\users\\odvid\\onedrive\\desktop\\python\\odoo-18\\addons', 'c:\\users\\odvid\\onedrive\\desktop\\python\\dtt_app\\apps', 'c:\\users\\odvid\\onedrive\\desktop\\python\\odoo-18\\odoo\\addons'] 
2025-05-26 03:55:16,407 23224 INFO ? odoo: database: odoo_dev@localhost:5432 
2025-05-26 03:55:16,557 23224 INFO ? odoo.addons.base.models.ir_actions_report: You need Wkhtmltopdf to print a pdf version of the reports. 
2025-05-26 03:55:16,568 23224 INFO ? odoo.addons.base.models.ir_actions_report: You need Wkhtmltoimage to generate images from html. 
2025-05-26 03:55:16,890 23224 INFO ? odoo.service.server: HTTP service (werkzeug) running on Chaerin:8069 
2025-05-26 03:55:33,526 23536 INFO ? odoo: Odoo version 18.0 
2025-05-26 03:55:33,526 23536 INFO ? odoo: Using configuration file at C:\Users\odvid\OneDrive\Desktop\python\odoo-18\odoo.conf 
2025-05-26 03:55:33,526 23536 INFO ? odoo: addons paths: ['C:\\Users\\odvid\\OneDrive\\Desktop\\python\\odoo-18\\odoo\\addons', 'c:\\users\\odvid\\appdata\\local\\openerp s.a\\odoo\\addons\\18.0', 'c:\\users\\odvid\\onedrive\\desktop\\python\\odoo-18\\addons', 'c:\\users\\odvid\\onedrive\\desktop\\python\\dtt_app\\apps', 'c:\\users\\odvid\\onedrive\\desktop\\python\\odoo-18\\odoo\\addons'] 
2025-05-26 03:55:33,527 23536 INFO ? odoo: database: odoo_dev@localhost:5432 
2025-05-26 03:55:33,823 23536 INFO ? odoo.addons.base.models.ir_actions_report: You need Wkhtmltopdf to print a pdf version of the reports. 
2025-05-26 03:55:33,832 23536 INFO ? odoo.addons.base.models.ir_actions_report: You need Wkhtmltoimage to generate images from html. 
2025-05-26 03:55:34,350 23536 INFO ? odoo.service.server: HTTP service (werkzeug) running on Chaerin:8069 
2025-05-26 03:55:41,049 7492 INFO ? odoo.sql_db: Connection to the database failed 
2025-05-26 03:55:41,516 7492 INFO ? odoo.sql_db: Connection to the database failed 
2025-05-26 03:55:41,880 7492 INFO ? werkzeug: 127.0.0.1 - - [26/May/2025 03:55:41] "GET /web/database/selector HTTP/1.1" 200 - 0 0.000 0.872
2025-05-26 03:55:41,949 7492 INFO ? odoo.sql_db: Connection to the database failed 
2025-05-26 03:55:42,434 7492 INFO ? odoo.sql_db: Connection to the database failed 
2025-05-26 03:55:42,803 7492 INFO ? werkzeug: 127.0.0.1 - - [26/May/2025 03:55:42] "GET /web/database/selector HTTP/1.1" 200 - 0 0.000 0.900
2025-05-26 03:56:04,044 7492 INFO ? odoo.sql_db: Connection to the database failed 
2025-05-26 03:56:04,836 7492 INFO None odoo.service.db: Create database `odoo-loi`. 
2025-05-26 03:56:04,876 7492 INFO None odoo.sql_db: Connection to the database failed 
2025-05-26 03:56:04,876 7492 ERROR None odoo.addons.web.controllers.database: Database creation error. 
Traceback (most recent call last):
  File "c:\users\odvid\onedrive\desktop\python\odoo-18\addons\web\controllers\database.py", line 81, in create
    dispatch_rpc('db', 'create_database', [master_pwd, name, bool(post.get('demo')), lang, password, post['login'], country_code, post['phone']])
  File "C:\Users\odvid\OneDrive\Desktop\python\odoo-18\odoo\http.py", line 411, in dispatch_rpc
    return dispatch(method, params)
           ^^^^^^^^^^^^^^^^^^^^^^^^
  File "C:\Users\odvid\OneDrive\Desktop\python\odoo-18\odoo\service\db.py", line 495, in dispatch
    return g[exp_method_name](*params)
           ^^^^^^^^^^^^^^^^^^^^^^^^^^^
  File "c:\Users\odvid\OneDrive\Desktop\python\odoo-18\venv\Lib\site-packages\decorator.py", line 232, in fun
    return caller(func, *(extras + args), **kw)
           ^^^^^^^^^^^^^^^^^^^^^^^^^^^^^^^^^^^^
  File "C:\Users\odvid\OneDrive\Desktop\python\odoo-18\odoo\service\db.py", line 50, in if_db_mgt_enabled
    return method(self, *args, **kwargs)
           ^^^^^^^^^^^^^^^^^^^^^^^^^^^^^
  File "C:\Users\odvid\OneDrive\Desktop\python\odoo-18\odoo\service\db.py", line 155, in exp_create_database
    _create_empty_database(db_name)
  File "C:\Users\odvid\OneDrive\Desktop\python\odoo-18\odoo\service\db.py", line 107, in _create_empty_database
    with closing(db.cursor()) as cr:
                 ^^^^^^^^^^^
  File "C:\Users\odvid\OneDrive\Desktop\python\odoo-18\odoo\sql_db.py", line 796, in cursor
    return Cursor(self.__pool, self.__dbname, self.__dsn)
           ^^^^^^^^^^^^^^^^^^^^^^^^^^^^^^^^^^^^^^^^^^^^^^
  File "C:\Users\odvid\OneDrive\Desktop\python\odoo-18\odoo\sql_db.py", line 288, in __init__
    self._cnx = pool.borrow(dsn)
                ^^^^^^^^^^^^^^^^
  File "c:\Users\odvid\OneDrive\Desktop\python\odoo-18\venv\Lib\site-packages\decorator.py", line 232, in fun
    return caller(func, *(extras + args), **kw)
           ^^^^^^^^^^^^^^^^^^^^^^^^^^^^^^^^^^^^
  File "C:\Users\odvid\OneDrive\Desktop\python\odoo-18\odoo\tools\func.py", line 97, in locked
    return func(inst, *args, **kwargs)
           ^^^^^^^^^^^^^^^^^^^^^^^^^^^
  File "C:\Users\odvid\OneDrive\Desktop\python\odoo-18\odoo\sql_db.py", line 723, in borrow
    result = psycopg2.connect(
             ^^^^^^^^^^^^^^^^^
  File "c:\Users\odvid\OneDrive\Desktop\python\odoo-18\venv\Lib\site-packages\psycopg2\__init__.py", line 122, in connect
    conn = _connect(dsn, connection_factory=connection_factory, **kwasync)
           ^^^^^^^^^^^^^^^^^^^^^^^^^^^^^^^^^^^^^^^^^^^^^^^^^^^^^^^^^^^^^^^
psycopg2.OperationalError: connection to server at "localhost" (::1), port 5432 failed: FATAL:  password authentication failed for user "odoo_dev"

2025-05-26 03:56:05,330 7492 INFO None odoo.sql_db: Connection to the database failed 
2025-05-26 03:56:05,692 7492 INFO None werkzeug: 127.0.0.1 - - [26/May/2025 03:56:05] "POST /web/database/create HTTP/1.1" 200 - 0 0.000 1.803
2025-05-26 03:57:53,582 22568 INFO ? odoo: Odoo version 18.0 
2025-05-26 03:57:53,582 22568 INFO ? odoo: Using configuration file at C:\Users\odvid\OneDrive\Desktop\python\odoo-18\odoo.conf 
2025-05-26 03:57:53,582 22568 INFO ? odoo: addons paths: ['C:\\Users\\odvid\\OneDrive\\Desktop\\python\\odoo-18\\odoo\\addons', 'c:\\users\\odvid\\appdata\\local\\openerp s.a\\odoo\\addons\\18.0', 'c:\\users\\odvid\\onedrive\\desktop\\python\\odoo-18\\addons', 'c:\\users\\odvid\\onedrive\\desktop\\python\\dtt_app\\apps', 'c:\\users\\odvid\\onedrive\\desktop\\python\\odoo-18\\odoo\\addons'] 
2025-05-26 03:57:53,583 22568 INFO ? odoo: database: odoo_dev@localhost:5432 
2025-05-26 03:57:53,930 22568 INFO ? odoo.addons.base.models.ir_actions_report: You need Wkhtmltopdf to print a pdf version of the reports. 
2025-05-26 03:57:53,942 22568 INFO ? odoo.addons.base.models.ir_actions_report: You need Wkhtmltoimage to generate images from html. 
2025-05-26 03:57:54,457 22568 INFO ? odoo.service.server: HTTP service (werkzeug) running on Chaerin:8069 
2025-05-26 03:58:02,619 7492 INFO ? odoo.sql_db: Connection to the database failed 
2025-05-26 03:58:03,058 7492 INFO ? odoo.sql_db: Connection to the database failed 
2025-05-26 03:58:03,420 7492 INFO ? werkzeug: 127.0.0.1 - - [26/May/2025 03:58:03] "GET /web/database/selector HTTP/1.1" 200 - 0 0.000 0.843
2025-05-26 03:58:03,524 7492 INFO ? odoo.sql_db: Connection to the database failed 
2025-05-26 03:58:03,526 7492 INFO ? werkzeug: 127.0.0.1 - - [26/May/2025 03:58:03] "GET /web/static/src/libs/fontawesome/css/font-awesome.css HTTP/1.1" 200 - 0 0.000 0.047
2025-05-26 03:58:37,898 7492 INFO ? odoo.sql_db: Connection to the database failed 
2025-05-26 03:58:38,702 7492 INFO None odoo.service.db: Create database `odoo-loi`. 
2025-05-26 03:58:38,850 7492 INFO None odoo.sql_db: Connection to the database failed 
2025-05-26 03:58:38,850 7492 ERROR None odoo.addons.web.controllers.database: Database creation error. 
Traceback (most recent call last):
  File "c:\users\odvid\onedrive\desktop\python\odoo-18\addons\web\controllers\database.py", line 81, in create
    dispatch_rpc('db', 'create_database', [master_pwd, name, bool(post.get('demo')), lang, password, post['login'], country_code, post['phone']])
  File "C:\Users\odvid\OneDrive\Desktop\python\odoo-18\odoo\http.py", line 411, in dispatch_rpc
    return dispatch(method, params)
           ^^^^^^^^^^^^^^^^^^^^^^^^
  File "C:\Users\odvid\OneDrive\Desktop\python\odoo-18\odoo\service\db.py", line 495, in dispatch
    return g[exp_method_name](*params)
           ^^^^^^^^^^^^^^^^^^^^^^^^^^^
  File "c:\Users\odvid\OneDrive\Desktop\python\odoo-18\venv\Lib\site-packages\decorator.py", line 232, in fun
    return caller(func, *(extras + args), **kw)
           ^^^^^^^^^^^^^^^^^^^^^^^^^^^^^^^^^^^^
  File "C:\Users\odvid\OneDrive\Desktop\python\odoo-18\odoo\service\db.py", line 50, in if_db_mgt_enabled
    return method(self, *args, **kwargs)
           ^^^^^^^^^^^^^^^^^^^^^^^^^^^^^
  File "C:\Users\odvid\OneDrive\Desktop\python\odoo-18\odoo\service\db.py", line 155, in exp_create_database
    _create_empty_database(db_name)
  File "C:\Users\odvid\OneDrive\Desktop\python\odoo-18\odoo\service\db.py", line 107, in _create_empty_database
    with closing(db.cursor()) as cr:
                 ^^^^^^^^^^^
  File "C:\Users\odvid\OneDrive\Desktop\python\odoo-18\odoo\sql_db.py", line 796, in cursor
    return Cursor(self.__pool, self.__dbname, self.__dsn)
           ^^^^^^^^^^^^^^^^^^^^^^^^^^^^^^^^^^^^^^^^^^^^^^
  File "C:\Users\odvid\OneDrive\Desktop\python\odoo-18\odoo\sql_db.py", line 288, in __init__
    self._cnx = pool.borrow(dsn)
                ^^^^^^^^^^^^^^^^
  File "c:\Users\odvid\OneDrive\Desktop\python\odoo-18\venv\Lib\site-packages\decorator.py", line 232, in fun
    return caller(func, *(extras + args), **kw)
           ^^^^^^^^^^^^^^^^^^^^^^^^^^^^^^^^^^^^
  File "C:\Users\odvid\OneDrive\Desktop\python\odoo-18\odoo\tools\func.py", line 97, in locked
    return func(inst, *args, **kwargs)
           ^^^^^^^^^^^^^^^^^^^^^^^^^^^
  File "C:\Users\odvid\OneDrive\Desktop\python\odoo-18\odoo\sql_db.py", line 723, in borrow
    result = psycopg2.connect(
             ^^^^^^^^^^^^^^^^^
  File "c:\Users\odvid\OneDrive\Desktop\python\odoo-18\venv\Lib\site-packages\psycopg2\__init__.py", line 122, in connect
    conn = _connect(dsn, connection_factory=connection_factory, **kwasync)
           ^^^^^^^^^^^^^^^^^^^^^^^^^^^^^^^^^^^^^^^^^^^^^^^^^^^^^^^^^^^^^^^
psycopg2.OperationalError: connection to server at "localhost" (::1), port 5432 failed: FATAL:  password authentication failed for user "odoo_dev"

2025-05-26 03:58:39,293 7492 INFO None odoo.sql_db: Connection to the database failed 
2025-05-26 03:58:39,660 7492 INFO None werkzeug: 127.0.0.1 - - [26/May/2025 03:58:39] "POST /web/database/create HTTP/1.1" 200 - 0 0.000 1.810
2025-05-26 03:59:29,621 1800 INFO ? odoo: Odoo version 18.0 
2025-05-26 03:59:29,622 1800 INFO ? odoo: Using configuration file at C:\Users\odvid\OneDrive\Desktop\python\odoo-18\odoo.conf 
2025-05-26 03:59:29,623 1800 INFO ? odoo: addons paths: ['C:\\Users\\odvid\\OneDrive\\Desktop\\python\\odoo-18\\odoo\\addons', 'c:\\users\\odvid\\appdata\\local\\openerp s.a\\odoo\\addons\\18.0', 'c:\\users\\odvid\\onedrive\\desktop\\python\\odoo-18\\addons', 'c:\\users\\odvid\\onedrive\\desktop\\python\\dtt_app\\apps', 'c:\\users\\odvid\\onedrive\\desktop\\python\\odoo-18\\odoo\\addons'] 
2025-05-26 03:59:29,623 1800 INFO ? odoo: database: odoo_dev@localhost:5432 
2025-05-26 03:59:30,807 1800 INFO ? odoo.addons.base.models.ir_actions_report: You need Wkhtmltopdf to print a pdf version of the reports. 
2025-05-26 03:59:30,855 1800 INFO ? odoo.addons.base.models.ir_actions_report: You need Wkhtmltoimage to generate images from html. 
2025-05-26 03:59:32,512 1800 INFO ? odoo.service.server: HTTP service (werkzeug) running on Chaerin:8069 
2025-05-26 03:59:35,415 1800 INFO ? werkzeug: 127.0.0.1 - - [26/May/2025 03:59:35] "GET /web/database/selector HTTP/1.1" 200 - 2 0.028 2.720
2025-05-26 04:00:11,936 1800 INFO None odoo.service.db: Create database `odoo_loi`. 
2025-05-26 04:00:14,629 1800 INFO None odoo.modules.loading: loading 1 modules... 
2025-05-26 04:00:14,630 1800 INFO None odoo.modules.loading: Loading module base (1/1) 
2025-05-26 04:00:14,685 1800 INFO None odoo.modules.registry: module base: creating or updating database tables 
2025-05-26 04:00:15,253 1800 INFO None odoo.models: Prepare computation of ir.module.module.menus_by_module 
2025-05-26 04:00:15,254 1800 INFO None odoo.models: Prepare computation of ir.module.module.reports_by_module 
2025-05-26 04:00:15,254 1800 INFO None odoo.models: Prepare computation of ir.module.module.views_by_module 
2025-05-26 04:00:15,432 1800 INFO None odoo.models: Prepare computation of res.partner.user_id 
2025-05-26 04:00:15,432 1800 INFO None odoo.models: Prepare computation of res.partner.commercial_partner_id 
2025-05-26 04:00:15,432 1800 INFO None odoo.models: Prepare computation of res.partner.complete_name 
2025-05-26 04:00:15,432 1800 INFO None odoo.models: Prepare computation of res.partner.company_registry 
2025-05-26 04:00:15,433 1800 INFO None odoo.models: Prepare computation of res.partner.commercial_company_name 
2025-05-26 04:00:15,433 1800 INFO None odoo.models: Prepare computation of res.partner.partner_share 
2025-05-26 04:00:15,496 1800 INFO None odoo.models: Prepare computation of res.currency.decimal_places 
2025-05-26 04:00:15,544 1800 INFO None odoo.models: Prepare computation of res.company.uses_default_logo 
2025-05-26 04:00:15,544 1800 INFO None odoo.models: Prepare computation of res.company.logo_web 
2025-05-26 04:00:15,548 1800 INFO None odoo.models: Computing parent_path for table res_company... 
2025-05-26 04:00:15,597 1800 INFO None odoo.models: Prepare computation of res.users.signature 
2025-05-26 04:00:15,597 1800 INFO None odoo.models: Prepare computation of res.users.share 
2025-05-26 04:00:19,025 1800 INFO None odoo.modules.loading: loading base/data/res_bank.xml 
2025-05-26 04:00:19,043 1800 INFO None odoo.modules.loading: loading base/data/res.lang.csv 
2025-05-26 04:00:19,181 1800 INFO None odoo.modules.loading: loading base/data/res_lang_data.xml 
2025-05-26 04:00:19,284 1800 INFO None odoo.modules.loading: loading base/data/res_partner_data.xml 
2025-05-26 04:00:19,468 1800 INFO None odoo.modules.loading: loading base/data/res_currency_data.xml 
2025-05-26 04:00:20,656 1800 INFO None odoo.modules.loading: loading base/data/res_company_data.xml 
2025-05-26 04:00:20,674 1800 INFO None odoo.modules.loading: loading base/data/res_users_data.xml 
2025-05-26 04:00:21,638 1800 INFO None odoo.modules.loading: loading base/data/report_paperformat_data.xml 
2025-05-26 04:00:21,673 1800 INFO None odoo.modules.loading: loading base/data/res_country_data.xml 
2025-05-26 04:00:22,432 1800 INFO None odoo.modules.loading: loading base/data/ir_demo_data.xml 
2025-05-26 04:00:22,457 1800 INFO None odoo.modules.loading: loading base/security/base_groups.xml 
2025-05-26 04:00:22,868 1800 INFO None odoo.modules.loading: loading base/security/base_security.xml 
2025-05-26 04:00:23,143 1800 INFO None odoo.modules.loading: loading base/views/base_menus.xml 
2025-05-26 04:00:23,273 1800 INFO None odoo.modules.loading: loading base/views/decimal_precision_views.xml 
2025-05-26 04:00:23,303 1800 INFO None odoo.modules.loading: loading base/views/res_config_views.xml 
2025-05-26 04:00:23,315 1800 INFO None odoo.modules.loading: loading base/data/res.country.state.csv 
2025-05-26 04:00:25,422 1800 INFO None odoo.modules.loading: loading base/views/ir_actions_views.xml 
2025-05-26 04:00:25,741 1800 INFO None odoo.modules.loading: loading base/views/ir_asset_views.xml 
2025-05-26 04:00:25,787 1800 INFO None odoo.modules.loading: loading base/views/ir_config_parameter_views.xml 
2025-05-26 04:00:25,825 1800 INFO None odoo.modules.loading: loading base/views/ir_cron_views.xml 
2025-05-26 04:00:25,886 1800 INFO None odoo.modules.loading: loading base/views/ir_cron_trigger_views.xml 
2025-05-26 04:00:25,924 1800 INFO None odoo.modules.loading: loading base/views/ir_filters_views.xml 
2025-05-26 04:00:25,970 1800 INFO None odoo.modules.loading: loading base/views/ir_mail_server_views.xml 
2025-05-26 04:00:26,022 1800 INFO None odoo.modules.loading: loading base/views/ir_model_views.xml 
2025-05-26 04:00:26,402 1800 INFO None odoo.modules.loading: loading base/views/ir_attachment_views.xml 
2025-05-26 04:00:26,455 1800 INFO None odoo.modules.loading: loading base/views/ir_rule_views.xml 
2025-05-26 04:00:26,506 1800 INFO None odoo.modules.loading: loading base/views/ir_sequence_views.xml 
2025-05-26 04:00:26,553 1800 INFO None odoo.modules.loading: loading base/views/ir_ui_menu_views.xml 
2025-05-26 04:00:26,593 1800 INFO None odoo.modules.loading: loading base/views/ir_ui_view_views.xml 
2025-05-26 04:00:26,710 1800 INFO None odoo.modules.loading: loading base/views/ir_default_views.xml 
2025-05-26 04:00:26,754 1800 INFO None odoo.modules.loading: loading base/data/ir_config_parameter_data.xml 
2025-05-26 04:00:26,762 1800 INFO None odoo.modules.loading: loading base/data/ir_cron_data.xml 
2025-05-26 04:00:26,800 1800 INFO None odoo.modules.loading: loading base/report/ir_model_report.xml 
2025-05-26 04:00:26,812 1800 INFO None odoo.modules.loading: loading base/report/ir_model_templates.xml 
2025-05-26 04:00:26,832 1800 INFO None odoo.modules.loading: loading base/views/ir_logging_views.xml 
2025-05-26 04:00:26,871 1800 INFO None odoo.modules.loading: loading base/views/ir_qweb_widget_templates.xml 
2025-05-26 04:00:26,891 1800 INFO None odoo.modules.loading: loading base/views/ir_module_views.xml 
2025-05-26 04:00:27,007 1800 INFO None odoo.modules.loading: loading base/data/ir_module_category_data.xml 
2025-05-26 04:00:27,188 1800 INFO None odoo.modules.loading: loading base/data/ir_module_module.xml 
2025-05-26 04:00:27,366 1800 INFO None odoo.modules.loading: loading base/report/ir_module_reports.xml 
2025-05-26 04:00:27,385 1800 INFO None odoo.modules.loading: loading base/report/ir_module_report_templates.xml 
2025-05-26 04:00:27,409 1800 INFO None odoo.modules.loading: loading base/wizard/base_module_update_views.xml 
2025-05-26 04:00:27,458 1800 INFO None odoo.modules.loading: loading base/wizard/base_language_install_views.xml 
2025-05-26 04:00:27,489 1800 INFO None odoo.modules.loading: loading base/wizard/base_import_language_views.xml 
2025-05-26 04:00:27,527 1800 INFO None odoo.modules.loading: loading base/wizard/base_module_upgrade_views.xml 
2025-05-26 04:00:27,576 1800 INFO None odoo.modules.loading: loading base/wizard/base_module_uninstall_views.xml 
2025-05-26 04:00:27,595 1800 INFO None odoo.modules.loading: loading base/wizard/base_export_language_views.xml 
2025-05-26 04:00:27,621 1800 INFO None odoo.modules.loading: loading base/wizard/base_partner_merge_views.xml 
2025-05-26 04:00:27,650 1800 INFO None odoo.modules.loading: loading base/data/ir_demo_failure_data.xml 
2025-05-26 04:00:27,678 1800 INFO None odoo.modules.loading: loading base/views/ir_profile_views.xml 
2025-05-26 04:00:27,719 1800 INFO None odoo.modules.loading: loading base/views/res_company_views.xml 
2025-05-26 04:00:27,763 1800 INFO None odoo.modules.loading: loading base/views/res_lang_views.xml 
2025-05-26 04:00:27,804 1800 INFO None odoo.modules.loading: loading base/views/res_partner_views.xml 
2025-05-26 04:00:27,994 1800 INFO None odoo.modules.loading: loading base/views/res_bank_views.xml 
2025-05-26 04:00:28,048 1800 INFO None odoo.modules.loading: loading base/views/res_country_views.xml 
2025-05-26 04:00:28,122 1800 INFO None odoo.modules.loading: loading base/views/res_currency_views.xml 
2025-05-26 04:00:28,222 1800 INFO None odoo.modules.loading: loading base/views/res_users_views.xml 
2025-05-26 04:00:28,497 1800 INFO None odoo.modules.loading: loading base/views/res_device_views.xml 
2025-05-26 04:00:28,537 1800 INFO None odoo.modules.loading: loading base/views/res_users_identitycheck_views.xml 
2025-05-26 04:00:28,549 1800 INFO None odoo.modules.loading: loading base/views/res_config_settings_views.xml 
2025-05-26 04:00:28,562 1800 INFO None odoo.modules.loading: loading base/views/report_paperformat_views.xml 
2025-05-26 04:00:28,623 1800 INFO None odoo.modules.loading: loading base/security/ir.model.access.csv 
2025-05-26 04:00:29,012 1800 INFO None odoo.modules.loading: Module base: loading demo 
2025-05-26 04:00:29,012 1800 INFO None odoo.modules.loading: loading base/data/res_users_demo.xml 
2025-05-26 04:00:30,661 1800 INFO None odoo.modules.loading: loading base/data/res_partner_bank_demo.xml 
2025-05-26 04:00:30,669 1800 INFO None odoo.modules.loading: loading base/data/res_currency_demo.xml 
2025-05-26 04:00:30,679 1800 INFO None odoo.modules.loading: loading base/data/res_currency_rate_demo.xml 
2025-05-26 04:00:31,162 1800 INFO None odoo.modules.loading: loading base/data/res_bank_demo.xml 
2025-05-26 04:00:31,171 1800 INFO None odoo.modules.loading: loading base/data/res_partner_demo.xml 
2025-05-26 04:00:31,573 1800 INFO None odoo.modules.loading: loading base/data/res_partner_image_demo.xml 
2025-05-26 04:00:32,814 1800 INFO None odoo.modules.loading: Module base loaded in 18.19s, 9251 queries (+9251 other) 
2025-05-26 04:00:32,816 1800 INFO None odoo.modules.loading: 1 modules loaded in 18.19s, 9251 queries (+9251 extra) 
2025-05-26 04:00:32,905 1800 INFO None odoo.modules.loading: updating modules list 
2025-05-26 04:00:32,906 1800 INFO None odoo.addons.base.models.ir_module: ALLOW access to module.update_list on [] to user __system__ #1 via n/a 
2025-05-26 04:00:34,626 1800 INFO None odoo.modules.loading: loading 12 modules... 
2025-05-26 04:00:34,626 1800 INFO None odoo.modules.loading: Loading module web (2/12) 
2025-05-26 04:00:34,685 1800 INFO None odoo.modules.registry: module web: creating or updating database tables 
2025-05-26 04:00:36,126 1800 INFO None odoo.modules.loading: loading web/security/ir.model.access.csv 
2025-05-26 04:00:36,167 1800 INFO None odoo.modules.loading: loading web/views/webclient_templates.xml 
2025-05-26 04:00:36,272 1800 INFO None odoo.modules.loading: loading web/views/report_templates.xml 
2025-05-26 04:00:36,441 1800 INFO None odoo.modules.loading: loading web/views/base_document_layout_views.xml 
2025-05-26 04:00:36,472 1800 INFO None odoo.modules.loading: loading web/views/partner_view.xml 
2025-05-26 04:00:36,485 1800 INFO None odoo.modules.loading: loading web/views/speedscope_template.xml 
2025-05-26 04:00:36,495 1800 INFO None odoo.modules.loading: loading web/views/neutralize_views.xml 
2025-05-26 04:00:36,505 1800 INFO None odoo.modules.loading: loading web/data/ir_attachment.xml 
2025-05-26 04:00:36,514 1800 INFO None odoo.modules.loading: loading web/data/report_layout.xml 
2025-05-26 04:00:36,609 1800 INFO None odoo.modules.loading: Module web loaded in 1.98s, 1097 queries (+1097 other) 
2025-05-26 04:00:36,609 1800 INFO None odoo.modules.loading: Loading module auth_totp (3/12) 
2025-05-26 04:00:36,739 1800 INFO None odoo.modules.registry: module auth_totp: creating or updating database tables 
2025-05-26 04:00:36,908 1800 INFO None odoo.modules.loading: loading auth_totp/security/security.xml 
2025-05-26 04:00:36,969 1800 INFO None odoo.modules.loading: loading auth_totp/security/ir.model.access.csv 
2025-05-26 04:00:37,001 1800 INFO None odoo.modules.loading: loading auth_totp/data/ir_action_data.xml 
2025-05-26 04:00:37,015 1800 INFO None odoo.modules.loading: loading auth_totp/views/res_users_views.xml 
2025-05-26 04:00:37,087 1800 INFO None odoo.modules.loading: loading auth_totp/views/templates.xml 
2025-05-26 04:00:37,097 1800 INFO None odoo.modules.loading: loading auth_totp/wizard/auth_totp_wizard_views.xml 
2025-05-26 04:00:37,142 1800 INFO None odoo.modules.loading: Module auth_totp loaded in 0.53s, 188 queries (+188 other) 
2025-05-26 04:00:37,142 1800 INFO None odoo.modules.loading: Loading module base_import (4/12) 
2025-05-26 04:00:37,732 1800 INFO None odoo.modules.registry: module base_import: creating or updating database tables 
2025-05-26 04:00:39,360 1800 INFO None odoo.modules.loading: loading base_import/security/ir.model.access.csv 
2025-05-26 04:00:39,420 1800 INFO None odoo.modules.loading: Module base_import loaded in 2.28s, 874 queries (+874 other) 
2025-05-26 04:00:39,420 1800 INFO None odoo.modules.loading: Loading module base_import_module (5/12) 
2025-05-26 04:00:39,509 1800 INFO None odoo.modules.registry: module base_import_module: creating or updating database tables 
2025-05-26 04:00:39,684 1800 INFO None odoo.modules.loading: loading base_import_module/security/ir.model.access.csv 
2025-05-26 04:00:39,723 1800 INFO None odoo.modules.loading: loading base_import_module/views/base_import_module_view.xml 
2025-05-26 04:00:39,763 1800 INFO None odoo.modules.loading: loading base_import_module/views/ir_module_views.xml 
2025-05-26 04:00:39,873 1800 INFO None odoo.modules.loading: Module base_import_module loaded in 0.45s, 164 queries (+164 other) 
2025-05-26 04:00:39,873 1800 INFO None odoo.modules.loading: Loading module base_setup (6/12) 
2025-05-26 04:00:39,949 1800 INFO None odoo.modules.registry: module base_setup: creating or updating database tables 
2025-05-26 04:00:40,092 1800 INFO None odoo.modules.loading: loading base_setup/data/base_setup_data.xml 
2025-05-26 04:00:40,106 1800 INFO None odoo.modules.loading: loading base_setup/views/res_config_settings_views.xml 
2025-05-26 04:00:40,184 1800 INFO None odoo.modules.loading: loading base_setup/views/res_partner_views.xml 
2025-05-26 04:00:40,241 1800 INFO None odoo.modules.loading: Module base_setup loaded in 0.37s, 150 queries (+150 other) 
2025-05-26 04:00:40,242 1800 INFO None odoo.modules.loading: Loading module bus (7/12) 
2025-05-26 04:00:40,543 1800 INFO None odoo.modules.registry: module bus: creating or updating database tables 
2025-05-26 04:00:40,837 1800 INFO None odoo.modules.loading: loading bus/security/ir.model.access.csv 
2025-05-26 04:00:40,894 1800 INFO None odoo.modules.loading: Module bus loaded in 0.65s, 165 queries (+165 other) 
2025-05-26 04:00:40,894 1800 INFO None odoo.modules.loading: Loading module web_tour (8/12) 
2025-05-26 04:00:40,968 1800 INFO None odoo.modules.registry: module web_tour: creating or updating database tables 
2025-05-26 04:00:40,976 1800 INFO None odoo.models: Prepare computation of res.users.tour_enabled 
2025-05-26 04:00:41,191 1800 INFO None odoo.modules.loading: loading web_tour/security/ir.model.access.csv 
2025-05-26 04:00:41,231 1800 INFO None odoo.modules.loading: loading web_tour/views/tour_views.xml 
2025-05-26 04:00:41,292 1800 INFO None odoo.modules.loading: loading web_tour/views/res_users_views.xml 
2025-05-26 04:00:41,355 1800 INFO None odoo.modules.loading: Module web_tour loaded in 0.46s, 188 queries (+188 other) 
2025-05-26 04:00:41,355 1800 INFO None odoo.modules.loading: Loading module html_editor (9/12) 
2025-05-26 04:00:42,008 1800 INFO None odoo.modules.registry: module html_editor: creating or updating database tables 
2025-05-26 04:00:42,126 1800 INFO None odoo.modules.loading: Module html_editor loaded in 0.77s, 42 queries (+42 other) 
2025-05-26 04:00:42,126 1800 INFO None odoo.modules.loading: Loading module iap (10/12) 
2025-05-26 04:00:42,184 1800 INFO None odoo.modules.registry: module iap: creating or updating database tables 
2025-05-26 04:00:42,342 1800 INFO None odoo.modules.loading: loading iap/data/services.xml 
2025-05-26 04:00:42,351 1800 INFO None odoo.modules.loading: loading iap/security/ir.model.access.csv 
2025-05-26 04:00:42,390 1800 INFO None odoo.modules.loading: loading iap/security/ir_rule.xml 
2025-05-26 04:00:42,409 1800 INFO None odoo.modules.loading: loading iap/views/iap_views.xml 
2025-05-26 04:00:42,457 1800 INFO None odoo.modules.loading: loading iap/views/res_config_settings.xml 
2025-05-26 04:00:42,523 1800 INFO None odoo.modules.loading: Module iap loaded in 0.40s, 183 queries (+183 other) 
2025-05-26 04:00:42,523 1800 INFO None odoo.modules.loading: Loading module web_editor (11/12) 
2025-05-26 04:00:42,668 1800 INFO None odoo.modules.registry: module web_editor: creating or updating database tables 
2025-05-26 04:00:44,440 1800 INFO None odoo.modules.loading: loading web_editor/security/ir.model.access.csv 
2025-05-26 04:00:44,475 1800 INFO None odoo.modules.loading: loading web_editor/data/editor_assets.xml 
2025-05-26 04:00:44,484 1800 INFO None odoo.modules.loading: loading web_editor/views/editor.xml 
2025-05-26 04:00:44,511 1800 INFO None odoo.modules.loading: loading web_editor/views/snippets.xml 
2025-05-26 04:00:44,623 1800 INFO None odoo.modules.loading: Module web_editor loaded in 2.10s, 1004 queries (+1004 other) 
2025-05-26 04:00:44,623 1800 INFO None odoo.modules.loading: Loading module web_unsplash (12/12) 
2025-05-26 04:00:44,717 1800 INFO None odoo.modules.registry: module web_unsplash: creating or updating database tables 
2025-05-26 04:00:44,871 1800 INFO None odoo.modules.loading: loading web_unsplash/views/res_config_settings_view.xml 
2025-05-26 04:00:45,017 1800 INFO None odoo.modules.loading: Module web_unsplash loaded in 0.39s, 98 queries (+98 other) 
2025-05-26 04:00:45,018 1800 INFO None odoo.modules.loading: 12 modules loaded in 10.39s, 4153 queries (+4153 extra) 
2025-05-26 04:00:45,562 1800 INFO None odoo.modules.loading: Modules loaded. 
2025-05-26 04:00:45,566 1800 INFO None odoo.modules.registry: Registry changed, signaling through the database 
2025-05-26 04:00:45,568 1800 INFO None odoo.modules.registry: Registry loaded in 30.966s 
2025-05-26 04:00:46,554 1800 INFO None odoo.addons.base.models.res_users: Login successful for db:odoo_loi login:emmanuellouisgonzaga@gmail.com from 127.0.0.1 
2025-05-26 04:00:46,578 1800 INFO None werkzeug: 127.0.0.1 - - [26/May/2025 04:00:46] "POST /web/database/create HTTP/1.1" 303 - 19675 12.253 23.260
2025-05-26 04:00:46,601 1800 INFO odoo_loi odoo.addons.base.models.ir_http: Generating routing map for key None 
2025-05-26 04:00:46,633 1800 INFO odoo_loi werkzeug: 127.0.0.1 - - [26/May/2025 04:00:46] "GET /odoo HTTP/1.1" 303 - 4 0.004 0.044
2025-05-26 04:00:47,067 1800 INFO odoo_loi werkzeug: 127.0.0.1 - - [26/May/2025 04:00:47] "GET /web/login?redirect=%2Fodoo%3F HTTP/1.1" 200 - 51 0.022 0.404
2025-05-26 04:00:47,460 1800 INFO odoo_loi odoo.addons.base.models.assetsbundle: Generating a new asset bundle attachment /web/assets/7470011/web.assets_frontend_minimal.min.js (id:194) 
2025-05-26 04:00:47,494 1800 INFO odoo_loi werkzeug: 127.0.0.1 - - [26/May/2025 04:00:47] "GET /web/assets/7470011/web.assets_frontend_minimal.min.js HTTP/1.1" 200 - 12 0.065 0.296
2025-05-26 04:00:50,667 1800 INFO odoo_loi odoo.addons.base.models.assetsbundle: Generating a new asset bundle attachment /web/assets/4cce467/web.assets_frontend.min.css (id:195) 
2025-05-26 04:00:50,684 1800 INFO odoo_loi werkzeug: 127.0.0.1 - - [26/May/2025 04:00:50] "GET /web/assets/4cce467/web.assets_frontend.min.css HTTP/1.1" 200 - 9 0.019 3.536
2025-05-26 04:00:50,695 1800 INFO odoo_loi werkzeug: 127.0.0.1 - - [26/May/2025 04:00:50] "GET /web/binary/company_logo HTTP/1.1" 200 - 2 0.001 0.007
2025-05-26 04:00:52,285 1800 INFO odoo_loi odoo.addons.base.models.assetsbundle: Generating a new asset bundle attachment /web/assets/caa7ed3/web.assets_frontend_lazy.min.js (id:196) 
2025-05-26 04:00:52,478 1800 INFO odoo_loi werkzeug: 127.0.0.1 - - [26/May/2025 04:00:52] "GET /web/assets/caa7ed3/web.assets_frontend_lazy.min.js HTTP/1.1" 200 - 9 0.005 1.750
2025-05-26 04:00:52,608 1800 INFO odoo_loi werkzeug: 127.0.0.1 - - [26/May/2025 04:00:52] "GET /web/webclient/translations/1748232052587 HTTP/1.1" 200 - 2 0.003 0.016
2025-05-26 04:01:01,611 1800 INFO odoo_loi odoo.addons.base.models.res_users: Login successful for db:odoo_loi login:emmanuellouisgonzaga@gmail.com from 127.0.0.1 
2025-05-26 04:01:01,625 1800 INFO odoo_loi werkzeug: 127.0.0.1 - - [26/May/2025 04:01:01] "POST /web/login HTTP/1.1" 303 - 26 0.031 0.563
2025-05-26 04:01:01,652 1800 INFO odoo_loi odoo.addons.base.models.res_device: User 2 inserts device log (LIaIjQXHJeYqtU9D9cTgsefGxfNhVGip22haw1lTvz) 
2025-05-26 04:01:02,493 1800 INFO odoo_loi werkzeug: 127.0.0.1 - - [26/May/2025 04:01:02] "GET /odoo HTTP/1.1" 200 - 65 0.044 0.819
2025-05-26 04:01:07,652 1800 INFO odoo_loi odoo.addons.base.models.assetsbundle: Generating a new asset bundle attachment /web/assets/b2c4f55/web.assets_web.min.css (id:197) 
2025-05-26 04:01:07,774 1800 INFO odoo_loi werkzeug: 127.0.0.1 - - [26/May/2025 04:01:07] "GET /web/assets/b2c4f55/web.assets_web.min.css HTTP/1.1" 200 - 12 0.066 5.187
2025-05-26 04:01:10,413 1800 INFO odoo_loi odoo.addons.base.models.assetsbundle: Generating a new asset bundle attachment /web/assets/987a9df/web.assets_web.min.js (id:198) 
2025-05-26 04:01:10,839 1800 INFO odoo_loi werkzeug: 127.0.0.1 - - [26/May/2025 04:01:10] "GET /web/assets/987a9df/web.assets_web.min.js HTTP/1.1" 200 - 11 0.013 8.301
2025-05-26 04:01:10,868 1800 INFO odoo_loi werkzeug: 127.0.0.1 - - [26/May/2025 04:01:10] "GET /web/webclient/translations/d2c56b07ed5ced215bfc7ac9b473a7e7916c5840?lang=en_US HTTP/1.1" 200 - 1 0.001 0.009
2025-05-26 04:01:10,887 1800 INFO ? werkzeug: 127.0.0.1 - - [26/May/2025 04:01:10] "GET /web/static/img/odoo-icon-ios.png HTTP/1.1" 200 - 0 0.000 0.015
2025-05-26 04:01:10,904 1800 INFO odoo_loi werkzeug: 127.0.0.1 - - [26/May/2025 04:01:10] "GET /web/webclient/load_menus/386c0517246da19c35ab26781dd057c1386a12fc91006a46d6ea145a8f2bd50f HTTP/1.1" 200 - 7 0.010 0.030
2025-05-26 04:01:11,190 1800 INFO odoo_loi werkzeug: 127.0.0.1 - - [26/May/2025 04:01:11] "GET /web/service-worker.js HTTP/1.1" 200 - 1 0.001 0.041
2025-05-26 04:01:11,244 1800 INFO ? werkzeug: 127.0.0.1 - - [26/May/2025 04:01:11] "GET /web/static/lib/odoo_ui_icons/fonts/odoo_ui_icons.woff2 HTTP/1.1" 200 - 0 0.000 0.028
2025-05-26 04:01:11,426 1800 INFO odoo_loi werkzeug: 127.0.0.1 - - [26/May/2025 04:01:11] "GET /web/image/res.partner/3/avatar_128?unique=1748203245000 HTTP/1.1" 200 - 8 0.039 0.204
2025-05-26 04:01:11,432 1800 INFO odoo_loi werkzeug: 127.0.0.1 - - [26/May/2025 04:01:11] "GET /web/image?model=res.users&field=avatar_128&id=2 HTTP/1.1" 200 - 9 0.054 0.173
2025-05-26 04:01:11,443 1800 INFO odoo_loi werkzeug: 127.0.0.1 - - [26/May/2025 04:01:11] "POST /web/action/load HTTP/1.1" 200 - 10 0.052 0.198
2025-05-26 04:01:11,472 1800 INFO odoo_loi werkzeug: 127.0.0.1 - - [26/May/2025 04:01:11] "GET /odoo/offline HTTP/1.1" 200 - 6 0.024 0.190
2025-05-26 04:01:11,518 1800 INFO odoo_loi odoo.addons.base.models.assetsbundle: Generating a new asset bundle attachment /web/assets/605bdf4/bus.websocket_worker_assets.min.js (id:199) 
2025-05-26 04:01:15,725 1800 INFO odoo_loi werkzeug: 127.0.0.1 - - [26/May/2025 04:01:15] "GET /bus/websocket_worker_bundle?v=18.0-5 HTTP/1.1" 200 - 8 0.041 4.460
2025-05-26 04:01:15,826 1800 INFO odoo_loi werkzeug: 127.0.0.1 - - [26/May/2025 04:01:15] "GET /websocket?version=18.0-5 HTTP/1.1" 101 - 1 0.004 0.077
2025-05-26 04:01:15,880 1800 INFO odoo_loi odoo.addons.base.models.assetsbundle: Generating a new asset bundle attachment /web/assets/78277f0/web.assets_web_print.min.css (id:200) 
2025-05-26 04:01:15,900 1800 INFO odoo_loi werkzeug: 127.0.0.1 - - [26/May/2025 04:01:15] "POST /web/dataset/call_kw/ir.module.module/get_views HTTP/1.1" 200 - 57 4.276 0.138
2025-05-26 04:01:15,912 1800 INFO odoo_loi werkzeug: 127.0.0.1 - - [26/May/2025 04:01:15] "GET /web/assets/78277f0/web.assets_web_print.min.css HTTP/1.1" 200 - 8 0.052 4.982
2025-05-26 04:01:15,926 1800 INFO odoo_loi werkzeug: 127.0.0.1 - - [26/May/2025 04:01:15] "POST /web/dataset/call_kw/ir.module.module/search_panel_select_range HTTP/1.1" 200 - 1 0.001 0.012
2025-05-26 04:01:16,014 1800 INFO odoo_loi werkzeug: 127.0.0.1 - - [26/May/2025 04:01:16] "POST /web/dataset/call_kw/ir.module.module/search_panel_select_range HTTP/1.1" 200 - 51 0.044 0.054
2025-05-26 04:01:16,102 1800 INFO odoo_loi werkzeug: 127.0.0.1 - - [26/May/2025 04:01:16] "POST /web/dataset/call_kw/ir.module.module/web_search_read HTTP/1.1" 200 - 4 0.008 0.170
2025-05-26 04:01:16,304 1800 INFO ? werkzeug: 127.0.0.1 - - [26/May/2025 04:01:16] "GET /sale_management/static/description/icon.png HTTP/1.1" 200 - 0 0.000 0.006
2025-05-26 04:01:16,321 1800 INFO ? werkzeug: 127.0.0.1 - - [26/May/2025 04:01:16] "GET /pos_restaurant/static/description/icon.png HTTP/1.1" 200 - 0 0.000 0.015
2025-05-26 04:01:16,326 1800 INFO ? werkzeug: 127.0.0.1 - - [26/May/2025 04:01:16] "GET /account/static/description/icon.png HTTP/1.1" 200 - 0 0.000 0.015
2025-05-26 04:01:16,331 1800 INFO ? werkzeug: 127.0.0.1 - - [26/May/2025 04:01:16] "GET /crm/static/description/icon.png HTTP/1.1" 200 - 0 0.000 0.015
2025-05-26 04:01:16,340 1800 INFO ? werkzeug: 127.0.0.1 - - [26/May/2025 04:01:16] "GET /base/static/img/icons/mrp_workorder.png HTTP/1.1" 200 - 0 0.000 0.014
2025-05-26 04:01:16,350 1800 INFO ? werkzeug: 127.0.0.1 - - [26/May/2025 04:01:16] "GET /website/static/description/icon.png HTTP/1.1" 200 - 0 0.000 0.013
2025-05-26 04:01:16,357 1800 INFO ? werkzeug: 127.0.0.1 - - [26/May/2025 04:01:16] "GET /stock/static/description/icon.png HTTP/1.1" 200 - 0 0.000 0.012
2025-05-26 04:01:16,365 1800 INFO ? werkzeug: 127.0.0.1 - - [26/May/2025 04:01:16] "GET /base/static/img/icons/account_accountant.png HTTP/1.1" 200 - 0 0.000 0.011
2025-05-26 04:01:16,380 1800 INFO ? werkzeug: 127.0.0.1 - - [26/May/2025 04:01:16] "GET /base/static/img/icons/knowledge.png HTTP/1.1" 200 - 0 0.000 0.019
2025-05-26 04:01:16,391 1800 INFO ? werkzeug: 127.0.0.1 - - [26/May/2025 04:01:16] "GET /purchase/static/description/icon.png HTTP/1.1" 200 - 0 0.000 0.016
2025-05-26 04:01:16,397 1800 INFO ? werkzeug: 127.0.0.1 - - [26/May/2025 04:01:16] "GET /point_of_sale/static/description/icon.png HTTP/1.1" 200 - 0 0.000 0.014
2025-05-26 04:01:16,411 1800 INFO ? werkzeug: 127.0.0.1 - - [26/May/2025 04:01:16] "GET /project/static/description/icon.png HTTP/1.1" 200 - 0 0.000 0.020
2025-05-26 04:01:16,415 1800 INFO ? werkzeug: 127.0.0.1 - - [26/May/2025 04:01:16] "GET /website_sale/static/description/icon.png HTTP/1.1" 200 - 0 0.000 0.014
2025-05-26 04:01:16,437 1800 INFO ? werkzeug: 127.0.0.1 - - [26/May/2025 04:01:16] "GET /mrp/static/description/icon.png HTTP/1.1" 200 - 0 0.000 0.030
2025-05-26 04:01:16,448 1800 INFO ? werkzeug: 127.0.0.1 - - [26/May/2025 04:01:16] "GET /mass_mailing/static/description/icon.png HTTP/1.1" 200 - 0 0.000 0.030
2025-05-26 04:01:16,458 1800 INFO ? odoo.addons.bus.models.bus: Bus.loop listen imbus on db postgres 
2025-05-26 04:01:16,462 1800 INFO ? werkzeug: 127.0.0.1 - - [26/May/2025 04:01:16] "GET /base/static/img/icons/timesheet_grid.png HTTP/1.1" 200 - 0 0.000 0.034
2025-05-26 04:01:16,465 1800 INFO ? werkzeug: 127.0.0.1 - - [26/May/2025 04:01:16] "GET /hr_expense/static/description/icon.png HTTP/1.1" 200 - 0 0.000 0.021
2025-05-26 04:01:16,481 1800 INFO ? werkzeug: 127.0.0.1 - - [26/May/2025 04:01:16] "GET /base/static/img/icons/web_studio.png HTTP/1.1" 200 - 0 0.000 0.021
2025-05-26 04:01:16,488 1800 INFO ? werkzeug: 127.0.0.1 - - [26/May/2025 04:01:16] "GET /hr_holidays/static/description/icon.png HTTP/1.1" 200 - 0 0.000 0.018
2025-05-26 04:01:16,497 1800 INFO ? werkzeug: 127.0.0.1 - - [26/May/2025 04:01:16] "GET /hr_recruitment/static/description/icon.png HTTP/1.1" 200 - 0 0.000 0.018
2025-05-26 04:01:16,505 1800 INFO ? werkzeug: 127.0.0.1 - - [26/May/2025 04:01:16] "GET /base/static/img/icons/industry_fsm.png HTTP/1.1" 200 - 0 0.000 0.018
2025-05-26 04:01:16,515 1800 INFO ? werkzeug: 127.0.0.1 - - [26/May/2025 04:01:16] "GET /hr/static/description/icon.png HTTP/1.1" 200 - 0 0.000 0.021
2025-05-26 04:01:16,522 1800 INFO ? werkzeug: 127.0.0.1 - - [26/May/2025 04:01:16] "GET /data_recycle/static/description/icon.png HTTP/1.1" 200 - 0 0.000 0.020
2025-05-26 04:01:16,535 1800 INFO ? werkzeug: 127.0.0.1 - - [26/May/2025 04:01:16] "GET /maintenance/static/description/icon.png HTTP/1.1" 200 - 0 0.000 0.025
2025-05-26 04:01:16,545 1800 INFO ? werkzeug: 127.0.0.1 - - [26/May/2025 04:01:16] "GET /marketing_card/static/description/icon.png HTTP/1.1" 200 - 0 0.000 0.024
2025-05-26 04:01:16,550 1800 INFO ? werkzeug: 127.0.0.1 - - [26/May/2025 04:01:16] "GET /base/static/img/icons/sign.png HTTP/1.1" 200 - 0 0.000 0.021
2025-05-26 04:01:16,558 1800 INFO ? werkzeug: 127.0.0.1 - - [26/May/2025 04:01:16] "GET /base/static/img/icons/helpdesk.png HTTP/1.1" 200 - 0 0.000 0.019
2025-05-26 04:01:16,582 1800 INFO ? werkzeug: 127.0.0.1 - - [26/May/2025 04:01:16] "GET /base/static/img/icons/sale_subscription.png HTTP/1.1" 200 - 0 0.000 0.032
2025-05-26 04:01:16,603 1800 INFO ? werkzeug: 127.0.0.1 - - [26/May/2025 04:01:16] "GET /base/static/img/icons/quality_control.png HTTP/1.1" 200 - 0 0.000 0.038
2025-05-26 04:01:16,615 1800 INFO ? werkzeug: 127.0.0.1 - - [26/May/2025 04:01:16] "GET /website_slides/static/description/icon.png HTTP/1.1" 200 - 0 0.000 0.039
2025-05-26 04:01:16,621 1800 INFO ? werkzeug: 127.0.0.1 - - [26/May/2025 04:01:16] "GET /base/static/img/icons/planning.png HTTP/1.1" 200 - 0 0.000 0.020
2025-05-26 04:01:16,637 1800 INFO ? werkzeug: 127.0.0.1 - - [26/May/2025 04:01:16] "GET /website_event/static/description/icon.png HTTP/1.1" 200 - 0 0.000 0.019
2025-05-26 04:01:16,643 1800 INFO ? werkzeug: 127.0.0.1 - - [26/May/2025 04:01:16] "GET /mail/static/description/icon.png HTTP/1.1" 200 - 0 0.000 0.019
2025-05-26 04:01:16,650 1800 INFO ? werkzeug: 127.0.0.1 - - [26/May/2025 04:01:16] "GET /contacts/static/description/icon.png HTTP/1.1" 200 - 0 0.000 0.019
2025-05-26 04:01:16,655 1800 INFO ? werkzeug: 127.0.0.1 - - [26/May/2025 04:01:16] "GET /base/static/img/icons/mrp_plm.png HTTP/1.1" 200 - 0 0.000 0.015
2025-05-26 04:01:16,665 1800 INFO ? werkzeug: 127.0.0.1 - - [26/May/2025 04:01:16] "GET /calendar/static/description/icon.png HTTP/1.1" 200 - 0 0.000 0.013
2025-05-26 04:01:16,672 1800 INFO ? werkzeug: 127.0.0.1 - - [26/May/2025 04:01:16] "GET /base/static/img/icons/social.png HTTP/1.1" 200 - 0 0.000 0.011
2025-05-26 04:01:16,680 1800 INFO ? werkzeug: 127.0.0.1 - - [26/May/2025 04:01:16] "GET /base/static/img/icons/hr_appraisal.png HTTP/1.1" 200 - 0 0.000 0.012
2025-05-26 04:01:16,691 1800 INFO ? werkzeug: 127.0.0.1 - - [26/May/2025 04:01:16] "GET /fleet/static/description/icon.png HTTP/1.1" 200 - 0 0.000 0.015
2025-05-26 04:01:16,694 1800 INFO ? werkzeug: 127.0.0.1 - - [26/May/2025 04:01:16] "GET /base/static/img/icons/marketing_automation.png HTTP/1.1" 200 - 0 0.000 0.009
2025-05-26 04:01:16,705 1800 INFO ? werkzeug: 127.0.0.1 - - [26/May/2025 04:01:16] "GET /im_livechat/static/description/icon.png HTTP/1.1" 200 - 0 0.000 0.014
2025-05-26 04:01:16,707 1800 INFO ? werkzeug: 127.0.0.1 - - [26/May/2025 04:01:16] "GET /base/static/img/icons/appointment.png HTTP/1.1" 200 - 0 0.000 0.011
2025-05-26 04:01:16,723 1800 INFO ? werkzeug: 127.0.0.1 - - [26/May/2025 04:01:16] "GET /base/static/img/icons/web_mobile.png HTTP/1.1" 200 - 0 0.000 0.012
2025-05-26 04:01:16,724 1800 INFO ? werkzeug: 127.0.0.1 - - [26/May/2025 04:01:16] "GET /survey/static/description/icon.png HTTP/1.1" 200 - 0 0.000 0.020
2025-05-26 04:01:16,738 1800 INFO ? werkzeug: 127.0.0.1 - - [26/May/2025 04:01:16] "GET /repair/static/description/icon.png HTTP/1.1" 200 - 0 0.000 0.022
2025-05-26 04:01:16,750 1800 INFO ? werkzeug: 127.0.0.1 - - [26/May/2025 04:01:16] "GET /hr_attendance/static/description/icon.png HTTP/1.1" 200 - 0 0.000 0.010
2025-05-26 04:01:16,765 1800 INFO ? werkzeug: 127.0.0.1 - - [26/May/2025 04:01:16] "GET /mass_mailing_sms/static/description/icon.png HTTP/1.1" 200 - 0 0.000 0.008
2025-05-26 04:01:16,778 1800 INFO ? werkzeug: 127.0.0.1 - - [26/May/2025 04:01:16] "GET /base/static/img/icons/stock_barcode.png HTTP/1.1" 200 - 0 0.000 0.009
2025-05-26 04:01:16,789 1800 INFO ? werkzeug: 127.0.0.1 - - [26/May/2025 04:01:16] "GET /project_todo/static/description/icon.png HTTP/1.1" 200 - 0 0.000 0.015
2025-05-26 04:01:16,797 1800 INFO ? werkzeug: 127.0.0.1 - - [26/May/2025 04:01:16] "GET /hr_skills/static/description/icon.png HTTP/1.1" 200 - 0 0.000 0.015
2025-05-26 04:01:16,805 1800 INFO ? werkzeug: 127.0.0.1 - - [26/May/2025 04:01:16] "GET /base/static/img/icons/voip.png HTTP/1.1" 200 - 0 0.000 0.016
2025-05-26 04:01:16,812 1800 INFO ? werkzeug: 127.0.0.1 - - [26/May/2025 04:01:16] "GET /lunch/static/description/icon.png HTTP/1.1" 200 - 0 0.000 0.018
2025-05-26 04:01:16,826 1800 INFO ? werkzeug: 127.0.0.1 - - [26/May/2025 04:01:16] "GET /website_hr_recruitment/static/description/icon.png HTTP/1.1" 200 - 0 0.000 0.013
2025-05-26 04:01:16,830 1800 INFO ? werkzeug: 127.0.0.1 - - [26/May/2025 04:01:16] "GET /base/static/img/icons/sale_amazon.png HTTP/1.1" 200 - 0 0.000 0.009
2025-05-26 04:01:16,833 1800 INFO ? werkzeug: 127.0.0.1 - - [26/May/2025 04:01:16] "GET /hr_contract/static/description/icon.png HTTP/1.1" 200 - 0 0.000 0.006
2025-05-26 04:01:29,829 1800 INFO odoo_loi odoo.addons.base.models.ir_module: ALLOW access to module.button_immediate_install on ['Fleet'] to user emmanuellouisgonzaga@gmail.com #2 via 127.0.0.1 
2025-05-26 04:01:29,830 1800 INFO odoo_loi odoo.addons.base.models.ir_module: User #2 triggered module installation 
2025-05-26 04:01:29,831 1800 INFO odoo_loi odoo.addons.base.models.ir_module: ALLOW access to module.button_install on ['Fleet'] to user emmanuellouisgonzaga@gmail.com #2 via 127.0.0.1 
2025-05-26 04:01:30,196 1800 INFO odoo_loi odoo.modules.loading: loading 1 modules... 
2025-05-26 04:01:30,207 1800 INFO odoo_loi odoo.modules.loading: 1 modules loaded in 0.01s, 0 queries (+0 extra) 
2025-05-26 04:01:30,259 1800 INFO odoo_loi odoo.modules.loading: updating modules list 
2025-05-26 04:01:30,261 1800 INFO odoo_loi odoo.addons.base.models.ir_module: ALLOW access to module.update_list on [] to user __system__ #1 via 127.0.0.1 
2025-05-26 04:01:31,697 1800 INFO odoo_loi odoo.modules.loading: loading 12 modules... 
2025-05-26 04:01:31,721 1800 INFO odoo_loi odoo.modules.loading: 12 modules loaded in 0.02s, 0 queries (+0 extra) 
2025-05-26 04:01:31,727 1800 INFO odoo_loi odoo.modules.loading: loading 25 modules... 
2025-05-26 04:01:31,727 1800 INFO odoo_loi odoo.modules.loading: Loading module mail (11/25) 
2025-05-26 04:01:31,848 1800 INFO odoo_loi odoo.modules.registry: module mail: creating or updating database tables 
2025-05-26 04:01:32,242 1800 INFO odoo_loi odoo.models: Prepare computation of ir.actions.server.partner_ids 
2025-05-26 04:01:32,242 1800 INFO odoo_loi odoo.models: Prepare computation of ir.actions.server.template_id 
2025-05-26 04:01:32,242 1800 INFO odoo_loi odoo.models: Prepare computation of ir.actions.server.activity_type_id 
2025-05-26 04:01:32,243 1800 INFO odoo_loi odoo.models: Prepare computation of ir.actions.server.activity_date_deadline_range 
2025-05-26 04:01:32,243 1800 INFO odoo_loi odoo.models: Prepare computation of ir.actions.server.activity_user_id 
2025-05-26 04:01:32,243 1800 INFO odoo_loi odoo.models: Prepare computation of ir.actions.server.mail_post_method 
2025-05-26 04:01:32,243 1800 INFO odoo_loi odoo.models: Prepare computation of ir.actions.server.activity_summary 
2025-05-26 04:01:32,243 1800 INFO odoo_loi odoo.models: Prepare computation of ir.actions.server.activity_date_deadline_range_type 
2025-05-26 04:01:32,243 1800 INFO odoo_loi odoo.models: Prepare computation of ir.actions.server.activity_user_type 
2025-05-26 04:01:32,243 1800 INFO odoo_loi odoo.models: Prepare computation of ir.actions.server.activity_user_field_name 
2025-05-26 04:01:32,243 1800 INFO odoo_loi odoo.models: Prepare computation of ir.actions.server.activity_note 
2025-05-26 04:01:32,243 1800 INFO odoo_loi odoo.models: Prepare computation of ir.actions.server.mail_post_autofollow 
2025-05-26 04:01:32,305 1800 INFO odoo_loi odoo.models: Prepare computation of res.company.email_primary_color 
2025-05-26 04:01:32,305 1800 INFO odoo_loi odoo.models: Prepare computation of res.company.email_secondary_color 
2025-05-26 04:01:32,324 1800 INFO odoo_loi odoo.models: Prepare computation of res.users.notification_type 
2025-05-26 04:01:32,424 1800 INFO odoo_loi odoo.models: Prepare computation of res.partner.email_normalized 
2025-05-26 04:01:36,315 1800 INFO odoo_loi odoo.modules.loading: loading mail/data/mail_groups.xml 
2025-05-26 04:01:36,522 1800 INFO odoo_loi odoo.modules.loading: loading mail/wizard/mail_activity_schedule_views.xml 
2025-05-26 04:01:36,546 1800 INFO odoo_loi odoo.modules.loading: loading mail/wizard/mail_blacklist_remove_views.xml 
2025-05-26 04:01:36,559 1800 INFO odoo_loi odoo.modules.loading: loading mail/wizard/mail_compose_message_views.xml 
2025-05-26 04:01:36,599 1800 INFO odoo_loi odoo.modules.loading: loading mail/wizard/mail_resend_message_views.xml 
2025-05-26 04:01:36,624 1800 INFO odoo_loi odoo.modules.loading: loading mail/wizard/mail_resend_partner_views.xml 
2025-05-26 04:01:36,646 1800 INFO odoo_loi odoo.modules.loading: loading mail/wizard/mail_template_preview_views.xml 
2025-05-26 04:01:36,670 1800 INFO odoo_loi odoo.modules.loading: loading mail/wizard/mail_wizard_invite_views.xml 
2025-05-26 04:01:36,684 1800 INFO odoo_loi odoo.modules.loading: loading mail/wizard/mail_template_reset_views.xml 
2025-05-26 04:01:36,704 1800 INFO odoo_loi odoo.modules.loading: loading mail/views/fetchmail_views.xml 
2025-05-26 04:01:36,741 1800 INFO odoo_loi odoo.modules.loading: loading mail/views/mail_message_subtype_views.xml 
2025-05-26 04:01:36,773 1800 INFO odoo_loi odoo.modules.loading: loading mail/views/mail_tracking_value_views.xml 
2025-05-26 04:01:36,797 1800 INFO odoo_loi odoo.modules.loading: loading mail/views/mail_notification_views.xml 
2025-05-26 04:01:36,821 1800 INFO odoo_loi odoo.modules.loading: loading mail/views/mail_message_views.xml 
2025-05-26 04:01:36,885 1800 INFO odoo_loi odoo.modules.loading: loading mail/views/mail_message_schedule_views.xml 
2025-05-26 04:01:36,915 1800 INFO odoo_loi odoo.modules.loading: loading mail/views/mail_mail_views.xml 
2025-05-26 04:01:36,962 1800 INFO odoo_loi odoo.modules.loading: loading mail/views/mail_followers_views.xml 
2025-05-26 04:01:36,986 1800 INFO odoo_loi odoo.modules.loading: loading mail/views/mail_ice_server_views.xml 
2025-05-26 04:01:37,008 1800 INFO odoo_loi odoo.modules.loading: loading mail/views/discuss_channel_member_views.xml 
2025-05-26 04:01:37,031 1800 INFO odoo_loi odoo.modules.loading: loading mail/views/discuss_channel_rtc_session_views.xml 
2025-05-26 04:01:37,062 1800 INFO odoo_loi odoo.modules.loading: loading mail/views/mail_link_preview_views.xml 
2025-05-26 04:01:37,084 1800 INFO odoo_loi odoo.modules.loading: loading mail/views/discuss/discuss_gif_favorite_views.xml 
2025-05-26 04:01:37,109 1800 INFO odoo_loi odoo.modules.loading: loading mail/views/discuss_channel_views.xml 
2025-05-26 04:01:37,168 1800 INFO odoo_loi odoo.modules.loading: loading mail/views/mail_canned_response_views.xml 
2025-05-26 04:01:37,204 1800 INFO odoo_loi odoo.modules.loading: loading mail/views/mail_activity_views.xml 
2025-05-26 04:01:37,680 1800 INFO odoo_loi odoo.modules.loading: loading mail/views/mail_activity_plan_views.xml 
2025-05-26 04:01:37,750 1800 INFO odoo_loi odoo.modules.loading: loading mail/views/mail_activity_plan_template_views.xml 
2025-05-26 04:01:37,771 1800 INFO odoo_loi odoo.modules.loading: loading mail/views/res_config_settings_views.xml 
2025-05-26 04:01:37,825 1800 INFO odoo_loi odoo.modules.loading: loading mail/data/ir_config_parameter_data.xml 
2025-05-26 04:01:37,836 1800 INFO odoo_loi odoo.modules.loading: loading mail/data/res_partner_data.xml 
2025-05-26 04:01:37,986 1800 INFO odoo_loi odoo.modules.loading: loading mail/data/mail_message_subtype_data.xml 
2025-05-26 04:01:38,002 1800 INFO odoo_loi odoo.modules.loading: loading mail/data/mail_templates_chatter.xml 
2025-05-26 04:01:38,026 1800 INFO odoo_loi odoo.modules.loading: loading mail/data/mail_templates_email_layouts.xml 
2025-05-26 04:01:38,058 1800 INFO odoo_loi odoo.modules.loading: loading mail/data/mail_templates_mailgateway.xml 
2025-05-26 04:01:38,084 1800 INFO odoo_loi odoo.modules.loading: loading mail/data/discuss_channel_data.xml 
2025-05-26 04:01:38,172 1800 INFO odoo_loi odoo.modules.loading: loading mail/data/mail_activity_data.xml 
2025-05-26 04:01:38,193 1800 INFO odoo_loi odoo.modules.loading: loading mail/data/security_notifications_templates.xml 
2025-05-26 04:01:38,202 1800 INFO odoo_loi odoo.modules.loading: loading mail/data/ir_cron_data.xml 
2025-05-26 04:01:38,300 1800 INFO odoo_loi odoo.modules.loading: loading mail/data/ir_actions_client.xml 
2025-05-26 04:01:38,312 1800 INFO odoo_loi odoo.modules.loading: loading mail/security/mail_security.xml 
2025-05-26 04:01:38,597 1800 INFO odoo_loi odoo.modules.loading: loading mail/security/ir.model.access.csv 
2025-05-26 04:01:38,759 1800 INFO odoo_loi odoo.modules.loading: loading mail/views/discuss_public_templates.xml 
2025-05-26 04:01:38,770 1800 INFO odoo_loi odoo.modules.loading: loading mail/views/mail_alias_domain_views.xml 
2025-05-26 04:01:38,808 1800 INFO odoo_loi odoo.modules.loading: loading mail/views/mail_alias_views.xml 
2025-05-26 04:01:38,848 1800 INFO odoo_loi odoo.modules.loading: loading mail/views/mail_gateway_allowed_views.xml 
2025-05-26 04:01:38,871 1800 INFO odoo_loi odoo.modules.loading: loading mail/views/mail_guest_views.xml 
2025-05-26 04:01:38,893 1800 INFO odoo_loi odoo.modules.loading: loading mail/views/mail_message_reaction_views.xml 
2025-05-26 04:01:38,919 1800 INFO odoo_loi odoo.modules.loading: loading mail/views/mail_templates_public.xml 
2025-05-26 04:01:38,935 1800 INFO odoo_loi odoo.modules.loading: loading mail/views/res_users_views.xml 
2025-05-26 04:01:38,984 1800 INFO odoo_loi odoo.modules.loading: loading mail/views/res_users_settings_views.xml 
2025-05-26 04:01:39,011 1800 INFO odoo_loi odoo.modules.loading: loading mail/views/mail_template_views.xml 
2025-05-26 04:01:39,066 1800 INFO odoo_loi odoo.modules.loading: loading mail/views/ir_actions_server_views.xml 
2025-05-26 04:01:39,093 1800 INFO odoo_loi odoo.modules.loading: loading mail/views/ir_model_views.xml 
2025-05-26 04:01:39,157 1800 INFO odoo_loi odoo.modules.loading: loading mail/views/res_partner_views.xml 
2025-05-26 04:01:39,256 1800 INFO odoo_loi odoo.modules.loading: loading mail/views/mail_blacklist_views.xml 
2025-05-26 04:01:39,290 1800 INFO odoo_loi odoo.modules.loading: loading mail/views/mail_menus.xml 
2025-05-26 04:01:39,558 1800 INFO odoo_loi odoo.modules.loading: loading mail/views/res_company_views.xml 
2025-05-26 04:01:39,575 1800 INFO odoo_loi odoo.modules.loading: loading mail/views/mail_scheduled_message_views.xml 
2025-05-26 04:01:39,587 1800 INFO odoo_loi odoo.modules.loading: loading mail/data/mail_canned_response_data.xml 
2025-05-26 04:01:39,595 1800 INFO odoo_loi odoo.modules.loading: loading mail/data/mail_templates_invite.xml 
2025-05-26 04:01:39,607 1800 INFO odoo_loi odoo.modules.loading: loading mail/data/web_tour_tour.xml 
2025-05-26 04:01:39,617 1800 INFO odoo_loi odoo.modules.loading: Module mail: loading demo 
2025-05-26 04:01:39,617 1800 INFO odoo_loi odoo.modules.loading: loading mail/demo/discuss_channel_demo.xml 
2025-05-26 04:01:39,864 1800 INFO odoo_loi odoo.modules.loading: loading mail/demo/mail_canned_response_demo.xml 
2025-05-26 04:01:40,016 1800 INFO odoo_loi odoo.modules.loading: Module mail loaded in 8.29s, 4620 queries (+4621 other) 
2025-05-26 04:01:40,016 1800 INFO odoo_loi odoo.modules.loading: Loading module auth_signup (13/25) 
2025-05-26 04:01:40,231 1800 INFO odoo_loi odoo.modules.registry: module auth_signup: creating or updating database tables 
2025-05-26 04:01:40,486 1800 INFO odoo_loi odoo.modules.loading: loading auth_signup/data/ir_config_parameter_data.xml 
2025-05-26 04:01:40,501 1800 INFO odoo_loi odoo.modules.loading: loading auth_signup/data/ir_cron_data.xml 
2025-05-26 04:01:40,522 1800 INFO odoo_loi odoo.modules.loading: loading auth_signup/data/mail_template_data.xml 
2025-05-26 04:01:40,559 1800 INFO odoo_loi odoo.modules.loading: loading auth_signup/views/res_config_settings_views.xml 
2025-05-26 04:01:40,599 1800 INFO odoo_loi odoo.modules.loading: loading auth_signup/views/res_users_views.xml 
2025-05-26 04:01:40,650 1800 INFO odoo_loi odoo.modules.loading: loading auth_signup/views/auth_signup_login_templates.xml 
2025-05-26 04:01:40,681 1800 INFO odoo_loi odoo.modules.loading: loading auth_signup/views/auth_signup_templates_email.xml 
2025-05-26 04:01:40,696 1800 INFO odoo_loi odoo.modules.loading: loading auth_signup/views/webclient_templates.xml 
2025-05-26 04:01:40,775 1800 INFO odoo_loi odoo.modules.loading: Module auth_signup loaded in 0.76s, 207 queries (+207 other) 
2025-05-26 04:01:40,775 1800 INFO odoo_loi odoo.modules.loading: Loading module auth_totp_mail (14/25) 
2025-05-26 04:01:40,883 1800 INFO odoo_loi odoo.modules.registry: module auth_totp_mail: creating or updating database tables 
2025-05-26 04:01:40,963 1800 INFO odoo_loi odoo.modules.loading: loading auth_totp_mail/data/ir_action_data.xml 
2025-05-26 04:01:41,013 1800 INFO odoo_loi odoo.modules.loading: loading auth_totp_mail/data/mail_template_data.xml 
2025-05-26 04:01:41,024 1800 INFO odoo_loi odoo.modules.loading: loading auth_totp_mail/data/security_notifications_template.xml 
2025-05-26 04:01:41,039 1800 INFO odoo_loi odoo.modules.loading: loading auth_totp_mail/views/res_users_views.xml 
2025-05-26 04:01:41,149 1800 INFO odoo_loi odoo.modules.loading: Module auth_totp_mail loaded in 0.37s, 121 queries (+121 other) 
2025-05-26 04:01:41,150 1800 INFO odoo_loi odoo.modules.loading: Loading module base_install_request (15/25) 
2025-05-26 04:01:41,292 1800 INFO odoo_loi odoo.modules.registry: module base_install_request: creating or updating database tables 
2025-05-26 04:01:41,492 1800 INFO odoo_loi odoo.modules.loading: loading base_install_request/security/ir.model.access.csv 
2025-05-26 04:01:41,532 1800 INFO odoo_loi odoo.modules.loading: loading base_install_request/wizard/base_module_install_request_views.xml 
2025-05-26 04:01:41,594 1800 INFO odoo_loi odoo.modules.loading: loading base_install_request/data/mail_template_data.xml 
2025-05-26 04:01:41,619 1800 INFO odoo_loi odoo.modules.loading: loading base_install_request/data/mail_templates_module_install.xml 
2025-05-26 04:01:41,632 1800 INFO odoo_loi odoo.modules.loading: loading base_install_request/views/ir_module_module_views.xml 
2025-05-26 04:01:41,714 1800 INFO odoo_loi odoo.modules.loading: Module base_install_request loaded in 0.56s, 149 queries (+149 other) 
2025-05-26 04:01:41,714 1800 INFO odoo_loi odoo.modules.loading: Loading module fleet (16/25) 
2025-05-26 04:01:41,905 1800 INFO odoo_loi odoo.modules.registry: module fleet: creating or updating database tables 
2025-05-26 04:01:42,847 1800 INFO odoo_loi odoo.modules.loading: loading fleet/security/fleet_security.xml 
2025-05-26 04:01:43,305 1800 INFO odoo_loi odoo.modules.loading: loading fleet/security/ir.model.access.csv 
2025-05-26 04:01:43,362 1800 INFO odoo_loi odoo.modules.loading: loading fleet/views/fleet_vehicle_model_views.xml 
2025-05-26 04:01:43,520 1800 INFO odoo_loi odoo.modules.loading: loading fleet/views/fleet_vehicle_views.xml 
2025-05-26 04:01:43,755 1800 INFO odoo_loi odoo.modules.loading: loading fleet/views/fleet_vehicle_cost_views.xml 
2025-05-26 04:01:43,903 1800 INFO odoo_loi odoo.modules.loading: loading fleet/views/fleet_board_view.xml 
2025-05-26 04:01:43,961 1800 INFO odoo_loi odoo.modules.loading: loading fleet/views/mail_activity_views.xml 
2025-05-26 04:01:43,974 1800 INFO odoo_loi odoo.modules.loading: loading fleet/views/res_config_settings_views.xml 
2025-05-26 04:01:44,014 1800 INFO odoo_loi odoo.modules.loading: loading fleet/data/fleet_cars_data.xml 
2025-05-26 04:01:44,773 1800 INFO odoo_loi odoo.modules.loading: loading fleet/data/fleet_data.xml 
2025-05-26 04:01:44,801 1800 INFO odoo_loi odoo.modules.loading: loading fleet/data/mail_message_subtype_data.xml 
2025-05-26 04:01:44,811 1800 INFO odoo_loi odoo.modules.loading: loading fleet/data/mail_activity_type_data.xml 
2025-05-26 04:01:44,832 1800 INFO odoo_loi odoo.modules.loading: loading fleet/wizard/fleet_vehicle_send_mail_views.xml 
2025-05-26 04:01:44,869 1800 INFO odoo_loi odoo.modules.loading: Module fleet: loading demo 
2025-05-26 04:01:44,870 1800 INFO odoo_loi odoo.modules.loading: loading fleet/data/fleet_demo.xml 
2025-05-26 04:01:46,079 1800 INFO odoo_loi odoo.modules.loading: Module fleet loaded in 4.36s, 2182 queries (+2182 other) 
2025-05-26 04:01:46,079 1800 INFO odoo_loi odoo.modules.loading: Loading module google_gmail (17/25) 
2025-05-26 04:01:46,313 1800 INFO odoo_loi odoo.modules.registry: module google_gmail: creating or updating database tables 
2025-05-26 04:01:46,583 1800 INFO odoo_loi odoo.modules.loading: loading google_gmail/views/fetchmail_server_views.xml 
2025-05-26 04:01:46,622 1800 INFO odoo_loi odoo.modules.loading: loading google_gmail/views/ir_mail_server_views.xml 
2025-05-26 04:01:46,652 1800 INFO odoo_loi odoo.modules.loading: loading google_gmail/views/res_config_settings_views.xml 
2025-05-26 04:01:46,780 1800 INFO odoo_loi odoo.modules.loading: Module google_gmail loaded in 0.70s, 124 queries (+124 other) 
2025-05-26 04:01:46,780 1800 INFO odoo_loi odoo.modules.loading: Loading module iap_mail (18/25) 
2025-05-26 04:01:46,969 1800 INFO odoo_loi odoo.modules.registry: module iap_mail: creating or updating database tables 
2025-05-26 04:01:47,061 1800 INFO odoo_loi odoo.modules.loading: loading iap_mail/data/mail_templates.xml 
2025-05-26 04:01:47,078 1800 INFO odoo_loi odoo.modules.loading: loading iap_mail/views/iap_views.xml 
2025-05-26 04:01:47,119 1800 INFO odoo_loi odoo.modules.loading: Module iap_mail loaded in 0.34s, 66 queries (+66 other) 
2025-05-26 04:01:47,119 1800 INFO odoo_loi odoo.modules.loading: Loading module mail_bot (19/25) 
2025-05-26 04:01:47,282 1800 INFO odoo_loi odoo.modules.registry: module mail_bot: creating or updating database tables 
2025-05-26 04:01:47,429 1800 INFO odoo_loi odoo.modules.loading: loading mail_bot/views/res_users_views.xml 
2025-05-26 04:01:47,497 1800 INFO odoo_loi odoo.modules.loading: loading mail_bot/data/mailbot_data.xml 
2025-05-26 04:01:47,531 1800 INFO odoo_loi odoo.modules.loading: Module mail_bot loaded in 0.41s, 131 queries (+131 other) 
2025-05-26 04:01:47,531 1800 INFO odoo_loi odoo.modules.loading: Loading module phone_validation (20/25) 
2025-05-26 04:01:47,763 1800 INFO odoo_loi odoo.modules.registry: module phone_validation: creating or updating database tables 
2025-05-26 04:01:51,286 1800 INFO odoo_loi odoo.modules.loading: loading phone_validation/security/ir.model.access.csv 
2025-05-26 04:01:51,314 1800 INFO odoo_loi odoo.modules.loading: loading phone_validation/views/phone_blacklist_views.xml 
2025-05-26 04:01:51,369 1800 INFO odoo_loi odoo.modules.loading: loading phone_validation/wizard/phone_blacklist_remove_view.xml 
2025-05-26 04:01:51,407 1800 INFO odoo_loi odoo.modules.loading: Module phone_validation loaded in 3.88s, 1499 queries (+1499 other) 
2025-05-26 04:01:51,407 1800 INFO odoo_loi odoo.modules.loading: Loading module privacy_lookup (21/25) 
2025-05-26 04:01:51,548 1800 INFO odoo_loi odoo.modules.registry: module privacy_lookup: creating or updating database tables 
2025-05-26 04:01:51,911 1800 INFO odoo_loi odoo.modules.loading: loading privacy_lookup/wizard/privacy_lookup_wizard_views.xml 
2025-05-26 04:01:52,005 1800 INFO odoo_loi odoo.modules.loading: loading privacy_lookup/views/privacy_log_views.xml 
2025-05-26 04:01:52,071 1800 INFO odoo_loi odoo.modules.loading: loading privacy_lookup/security/ir.model.access.csv 
2025-05-26 04:01:52,121 1800 INFO odoo_loi odoo.modules.loading: loading privacy_lookup/data/ir_actions_server_data.xml 
2025-05-26 04:01:52,193 1800 INFO odoo_loi odoo.modules.loading: Module privacy_lookup loaded in 0.79s, 244 queries (+244 other) 
2025-05-26 04:01:52,193 1800 INFO odoo_loi odoo.modules.loading: Loading module partner_autocomplete (23/25) 
2025-05-26 04:01:52,341 1800 INFO odoo_loi odoo.modules.registry: module partner_autocomplete: creating or updating database tables 
2025-05-26 04:01:52,644 1800 INFO odoo_loi odoo.modules.loading: loading partner_autocomplete/security/ir.model.access.csv 
2025-05-26 04:01:52,668 1800 INFO odoo_loi odoo.modules.loading: loading partner_autocomplete/views/res_partner_views.xml 
2025-05-26 04:01:52,708 1800 INFO odoo_loi odoo.modules.loading: loading partner_autocomplete/views/res_company_views.xml 
2025-05-26 04:01:52,726 1800 INFO odoo_loi odoo.modules.loading: loading partner_autocomplete/views/res_config_settings_views.xml 
2025-05-26 04:01:52,755 1800 INFO odoo_loi odoo.modules.loading: loading partner_autocomplete/data/cron.xml 
2025-05-26 04:01:52,771 1800 INFO odoo_loi odoo.modules.loading: loading partner_autocomplete/data/iap_service_data.xml 
2025-05-26 04:01:52,820 1800 INFO odoo_loi odoo.modules.loading: Module partner_autocomplete loaded in 0.63s, 203 queries (+203 other) 
2025-05-26 04:01:52,820 1800 INFO odoo_loi odoo.modules.loading: Loading module sms (24/25) 
2025-05-26 04:01:53,043 1800 INFO odoo_loi odoo.modules.registry: module sms: creating or updating database tables 
2025-05-26 04:01:53,060 1800 INFO odoo_loi odoo.models: Prepare computation of ir.actions.server.sms_template_id 
2025-05-26 04:01:53,060 1800 INFO odoo_loi odoo.models: Prepare computation of ir.actions.server.sms_method 
2025-05-26 04:01:53,096 1800 INFO odoo_loi odoo.models: Prepare computation of res.partner.phone_sanitized 
2025-05-26 04:01:56,415 1800 INFO odoo_loi odoo.addons.phone_validation.tools.phone_validation: The `phonenumbers` Python module is not installed, contact numbers will not be verified. Please install the `phonenumbers` Python module. 
2025-05-26 04:01:56,736 1800 INFO odoo_loi odoo.modules.loading: loading sms/data/iap_service_data.xml 
2025-05-26 04:01:56,744 1800 INFO odoo_loi odoo.modules.loading: loading sms/data/ir_cron_data.xml 
2025-05-26 04:01:56,759 1800 INFO odoo_loi odoo.modules.loading: loading sms/wizard/sms_account_code_views.xml 
2025-05-26 04:01:56,778 1800 INFO odoo_loi odoo.modules.loading: loading sms/wizard/sms_account_phone_views.xml 
2025-05-26 04:01:56,789 1800 INFO odoo_loi odoo.modules.loading: loading sms/wizard/sms_account_sender_views.xml 
2025-05-26 04:01:56,800 1800 INFO odoo_loi odoo.modules.loading: loading sms/wizard/sms_composer_views.xml 
2025-05-26 04:01:56,821 1800 INFO odoo_loi odoo.modules.loading: loading sms/wizard/sms_template_preview_views.xml 
2025-05-26 04:01:56,840 1800 INFO odoo_loi odoo.modules.loading: loading sms/wizard/sms_resend_views.xml 
2025-05-26 04:01:56,862 1800 INFO odoo_loi odoo.modules.loading: loading sms/wizard/sms_template_reset_views.xml 
2025-05-26 04:01:56,879 1800 INFO odoo_loi odoo.modules.loading: loading sms/views/ir_actions_server_views.xml 
2025-05-26 04:01:56,903 1800 INFO odoo_loi odoo.modules.loading: loading sms/views/mail_notification_views.xml 
2025-05-26 04:01:56,932 1800 INFO odoo_loi odoo.modules.loading: loading sms/views/res_config_settings_views.xml 
2025-05-26 04:01:56,966 1800 INFO odoo_loi odoo.modules.loading: loading sms/views/res_partner_views.xml 
2025-05-26 04:01:57,035 1800 INFO odoo_loi odoo.modules.loading: loading sms/views/iap_account_views.xml 
2025-05-26 04:01:57,056 1800 INFO odoo_loi odoo.modules.loading: loading sms/views/sms_sms_views.xml 
2025-05-26 04:01:57,099 1800 INFO odoo_loi odoo.modules.loading: loading sms/views/sms_template_views.xml 
2025-05-26 04:01:57,142 1800 INFO odoo_loi odoo.modules.loading: loading sms/security/ir.model.access.csv 
2025-05-26 04:01:57,214 1800 INFO odoo_loi odoo.modules.loading: loading sms/security/sms_security.xml 
2025-05-26 04:01:57,225 1800 INFO odoo_loi odoo.modules.loading: Module sms: loading demo 
2025-05-26 04:01:57,227 1800 INFO odoo_loi odoo.modules.loading: loading sms/data/sms_demo.xml 
2025-05-26 04:01:57,234 1800 INFO odoo_loi odoo.modules.loading: loading sms/data/mail_demo.xml 
2025-05-26 04:01:57,374 1800 INFO odoo_loi odoo.modules.loading: Module sms loaded in 4.55s, 2045 queries (+2045 other) 
2025-05-26 04:01:57,375 1800 INFO odoo_loi odoo.modules.loading: Loading module snailmail (25/25) 
2025-05-26 04:01:57,569 1800 INFO odoo_loi odoo.modules.registry: module snailmail: creating or updating database tables 
2025-05-26 04:01:58,319 1800 INFO odoo_loi odoo.modules.loading: loading snailmail/data/iap_service_data.xml 
2025-05-26 04:01:58,329 1800 INFO odoo_loi odoo.modules.loading: loading snailmail/data/snailmail_data.xml 
2025-05-26 04:01:58,348 1800 INFO odoo_loi odoo.modules.loading: loading snailmail/views/report_assets.xml 
2025-05-26 04:01:58,372 1800 INFO odoo_loi odoo.modules.loading: loading snailmail/views/snailmail_views.xml 
2025-05-26 04:01:58,420 1800 INFO odoo_loi odoo.modules.loading: loading snailmail/wizard/snailmail_letter_format_error_views.xml 
2025-05-26 04:01:58,440 1800 INFO odoo_loi odoo.modules.loading: loading snailmail/wizard/snailmail_letter_missing_required_fields_views.xml 
2025-05-26 04:01:58,457 1800 INFO odoo_loi odoo.modules.loading: loading snailmail/security/ir.model.access.csv 
2025-05-26 04:01:58,522 1800 INFO odoo_loi odoo.modules.loading: Module snailmail loaded in 1.15s, 454 queries (+454 other) 
2025-05-26 04:01:58,522 1800 INFO odoo_loi odoo.modules.loading: 25 modules loaded in 26.79s, 12045 queries (+12046 extra) 
2025-05-26 04:01:59,502 1800 INFO odoo_loi odoo.modules.loading: Modules loaded. 
2025-05-26 04:01:59,507 1800 INFO odoo_loi odoo.modules.registry: Registry changed, signaling through the database 
2025-05-26 04:01:59,509 1800 INFO odoo_loi odoo.modules.registry: Registry loaded in 29.330s 
2025-05-26 04:01:59,509 1800 INFO odoo_loi odoo.addons.base.models.ir_module: getting next ir.actions.todo() 
2025-05-26 04:01:59,522 1800 INFO odoo_loi werkzeug: 127.0.0.1 - - [26/May/2025 04:01:59] "POST /web/dataset/call_button/ir.module.module/button_immediate_install HTTP/1.1" 200 - 14394 9.600 20.104
2025-05-26 04:01:59,689 1800 INFO odoo_loi odoo.addons.base.models.ir_http: Generating routing map for key None 
2025-05-26 04:02:01,622 1800 INFO odoo_loi werkzeug: 127.0.0.1 - - [26/May/2025 04:02:01] "GET /odoo HTTP/1.1" 200 - 125 0.287 1.649
2025-05-26 04:02:07,269 1800 INFO odoo_loi werkzeug: 127.0.0.1 - - [26/May/2025 04:02:07] "GET /web/service-worker.js HTTP/1.1" 200 - 1 0.007 0.128
2025-05-26 04:02:07,310 1800 INFO odoo_loi odoo.addons.base.models.assetsbundle: Generating a new asset bundle attachment /web/assets/1e85db7/web.assets_web.min.css (id:284) 
2025-05-26 04:02:07,312 1800 INFO odoo_loi odoo.addons.base.models.assetsbundle: Deleting attachments [197] (matching /web/assets/_______/web.assets_web.min.css) because it was replaced with /web/assets/1e85db7/web.assets_web.min.css 
2025-05-26 04:02:07,433 1800 INFO odoo_loi werkzeug: 127.0.0.1 - - [26/May/2025 04:02:07] "GET /web/assets/1e85db7/web.assets_web.min.css HTTP/1.1" 200 - 16 0.066 5.641
2025-05-26 04:02:11,178 1800 INFO odoo_loi odoo.addons.base.models.assetsbundle: Generating a new asset bundle attachment /web/assets/6a0d253/web.assets_web.min.js (id:285) 
2025-05-26 04:02:11,181 1800 INFO odoo_loi odoo.addons.base.models.assetsbundle: Deleting attachments [198] (matching /web/assets/_______/web.assets_web.min.js) because it was replaced with /web/assets/6a0d253/web.assets_web.min.js 
2025-05-26 04:02:11,754 1800 INFO odoo_loi werkzeug: 127.0.0.1 - - [26/May/2025 04:02:11] "GET /web/assets/6a0d253/web.assets_web.min.js HTTP/1.1" 200 - 13 0.023 9.986
2025-05-26 04:02:11,787 1800 INFO odoo_loi werkzeug: 127.0.0.1 - - [26/May/2025 04:02:11] "GET /web/webclient/translations/b417aa3cd6ab469a31b9af4af2abee1294ccc0ce?lang=en_US HTTP/1.1" 200 - 1 0.002 0.007
2025-05-26 04:02:11,876 1800 INFO odoo_loi werkzeug: 127.0.0.1 - - [26/May/2025 04:02:11] "GET /odoo/offline HTTP/1.1" 200 - 6 0.016 0.055
2025-05-26 04:02:11,885 1800 INFO odoo_loi werkzeug: 127.0.0.1 - - [26/May/2025 04:02:11] "GET /web/webclient/load_menus/6d465cd7966d5cfd6d855a1c2c4b0160e9a346b71d7e31c5aa515934938e2b4f HTTP/1.1" 200 - 21 0.052 0.050
2025-05-26 04:02:12,276 1800 INFO odoo_loi odoo.addons.partner_autocomplete.models.res_company: Starting enrich of company YourCompany (1) 
2025-05-26 04:02:12,310 1800 INFO odoo_loi werkzeug: 127.0.0.1 - - [26/May/2025 04:02:12] "POST /web/dataset/call_kw/res.company/iap_enrich_auto HTTP/1.1" 200 - 10 0.034 0.037
2025-05-26 04:02:12,413 1800 INFO odoo_loi werkzeug: 127.0.0.1 - - [26/May/2025 04:02:12] "GET /bus/websocket_worker_bundle?v=18.0-5 HTTP/1.1" 304 - 4 0.017 0.034
2025-05-26 04:02:12,443 1800 INFO odoo_loi werkzeug: 127.0.0.1 - - [26/May/2025 04:02:12] "GET /websocket?version=18.0-5 HTTP/1.1" 101 - 1 0.001 0.015
2025-05-26 04:02:16,825 1800 INFO odoo_loi werkzeug: 127.0.0.1 - - [26/May/2025 04:02:16] "GET /web/service-worker.js HTTP/1.1" 200 - 1 0.047 0.074
2025-05-26 04:02:16,830 1800 INFO odoo_loi werkzeug: 127.0.0.1 - - [26/May/2025 04:02:16] "POST /web/action/load HTTP/1.1" 200 - 6 0.021 0.065
2025-05-26 04:02:16,842 1800 INFO odoo_loi odoo.addons.base.models.assetsbundle: Generating a new asset bundle attachment /web/assets/6706fe7/web.assets_web_print.min.css (id:286) 
2025-05-26 04:02:16,858 1800 INFO odoo_loi odoo.addons.base.models.assetsbundle: Deleting attachments [200] (matching /web/assets/_______/web.assets_web_print.min.css) because it was replaced with /web/assets/6706fe7/web.assets_web_print.min.css 
2025-05-26 04:02:16,884 1800 INFO odoo_loi werkzeug: 127.0.0.1 - - [26/May/2025 04:02:16] "GET /web/image?model=res.users&field=avatar_128&id=2 HTTP/1.1" 304 - 9 0.046 0.047
2025-05-26 04:02:16,902 1800 INFO odoo_loi werkzeug: 127.0.0.1 - - [26/May/2025 04:02:16] "GET /web/image/res.partner/3/avatar_128?unique=1748203312000 HTTP/1.1" 200 - 8 0.036 0.060
2025-05-26 04:02:16,922 1800 INFO odoo_loi werkzeug: 127.0.0.1 - - [26/May/2025 04:02:16] "GET /web/assets/6706fe7/web.assets_web_print.min.css HTTP/1.1" 200 - 10 0.067 5.064
2025-05-26 04:02:17,025 1800 INFO odoo_loi werkzeug: 127.0.0.1 - - [26/May/2025 04:02:17] "POST /mail/data HTTP/1.1" 200 - 34 0.089 0.105
2025-05-26 04:02:17,433 1800 INFO odoo_loi werkzeug: 127.0.0.1 - - [26/May/2025 04:02:17] "POST /mail/data HTTP/1.1" 200 - 57 0.048 0.095
2025-05-26 04:02:28,345 1800 INFO odoo_loi werkzeug: 127.0.0.1 - - [26/May/2025 04:02:28] "POST /mail/inbox/messages HTTP/1.1" 200 - 5 0.007 0.012
2025-05-26 04:02:28,361 1800 INFO odoo_loi werkzeug: 127.0.0.1 - - [26/May/2025 04:02:28] "GET /web/image/discuss.channel/2/avatar_128?unique=5d620c400f29de4a95ac7bda503cd4075e0233e0b86961987279c126b70e25b52bac7204db027e3ea779d640b15a275ac26e1fc0d4e467fa83648f0bec76ca91 HTTP/1.1" 200 - 4 0.005 0.017
2025-05-26 04:02:28,384 1800 INFO odoo_loi werkzeug: 127.0.0.1 - - [26/May/2025 04:02:28] "GET /web/image/discuss.channel/1/avatar_128?unique=a535303020495f1ddd1364aeee111d0e528a54d2f89f99843f8af55a0d191f57cd3c94c63d405efdd9a381eee08ba17b88c59be79f6530448168abeec79a49aa HTTP/1.1" 200 - 4 0.009 0.024
2025-05-26 04:02:28,397 1800 INFO odoo_loi werkzeug: 127.0.0.1 - - [26/May/2025 04:02:28] "GET /web/image/res.partner/2/avatar_128?unique=1748232112000 HTTP/1.1" 200 - 7 0.013 0.042
2025-05-26 04:02:35,706 1800 INFO odoo_loi odoo.addons.base.models.ir_cron: Job 'Base: Auto-vacuum internal data' (1) starting 
2025-05-26 04:02:35,767 1800 INFO odoo_loi odoo.addons.base.models.ir_cron: Job 'Notification: Delete Notifications older than 6 Month' (5) starting 
2025-05-26 04:02:35,789 1800 INFO odoo_loi odoo.addons.base.models.ir_cron: Job 'Notification: Delete Notifications older than 6 Month' (5) done in 0.022s 
2025-05-26 04:02:35,796 1800 INFO odoo_loi odoo.addons.base.models.ir_cron: Job 'Notification: Delete Notifications older than 6 Month' (5) processed 0 records, 0 records remaining 
2025-05-26 04:02:35,803 1800 INFO odoo_loi odoo.addons.base.models.ir_cron: Job 'Notification: Delete Notifications older than 6 Month' (5) completed 
2025-05-26 04:02:35,817 1800 INFO odoo_loi odoo.addons.base.models.ir_cron: Job 'Mail: Post scheduled messages' (7) starting 
2025-05-26 04:02:35,829 1800 INFO odoo_loi odoo.addons.base.models.ir_attachment: filestore gc 139 checked, 3 removed 
2025-05-26 04:02:35,830 1800 INFO odoo_loi odoo.addons.mail.models.mail_scheduled_message: Posting 0 scheduled messages 
2025-05-26 04:02:35,833 1800 INFO odoo_loi odoo.addons.base.models.ir_cron: Job 'Mail: Post scheduled messages' (7) done in 0.017s 
2025-05-26 04:02:35,852 1800 INFO odoo_loi odoo.addons.base.models.ir_cron: Job 'Mail: Post scheduled messages' (7) processed 0 records, 0 records remaining 
2025-05-26 04:02:35,877 1800 INFO odoo_loi odoo.addons.base.models.ir_cron: Job 'Mail: Post scheduled messages' (7) completed 
2025-05-26 04:02:35,891 1800 INFO odoo_loi odoo.addons.base.models.ir_cron: Job 'Notification: Notify scheduled messages' (8) starting 
2025-05-26 04:02:35,918 1800 INFO odoo_loi odoo.addons.base.models.res_users: GC'd 1 user log entries 
2025-05-26 04:02:35,926 1800 INFO odoo_loi odoo.addons.base.models.ir_cron: Job 'Notification: Notify scheduled messages' (8) done in 0.026s 
2025-05-26 04:02:35,931 1800 INFO odoo_loi odoo.addons.base.models.res_users: GC 'res.users.apikeys' delete 0 entries 
2025-05-26 04:02:35,932 1800 INFO odoo_loi odoo.addons.base.models.ir_cron: Job 'Notification: Notify scheduled messages' (8) processed 0 records, 0 records remaining 
2025-05-26 04:02:35,942 1800 INFO odoo_loi odoo.addons.base.models.res_device: GC device logs delete 0 entries 
2025-05-26 04:02:35,943 1800 INFO odoo_loi odoo.addons.base.models.ir_cron: Job 'Notification: Notify scheduled messages' (8) completed 
2025-05-26 04:02:35,944 1800 INFO odoo_loi odoo.addons.base.models.res_device: GC device logs delete 0 entries 
2025-05-26 04:02:35,957 1800 INFO odoo_loi odoo.addons.base.models.ir_cron: Job 'Mail: send web push notification' (9) starting 
2025-05-26 04:02:35,974 1800 INFO odoo_loi odoo.addons.base.models.ir_cron: Job 'Mail: send web push notification' (9) done in 0.016s 
2025-05-26 04:02:35,974 1800 INFO odoo_loi odoo.addons.base.models.res_users: GC 'auth_totp.device' delete 0 entries 
2025-05-26 04:02:35,981 1800 INFO odoo_loi odoo.addons.base.models.ir_cron: Job 'Mail: send web push notification' (9) processed 0 records, 0 records remaining 
2025-05-26 04:02:35,991 1800 INFO odoo_loi odoo.addons.base.models.ir_cron: Job 'Mail: send web push notification' (9) completed 
2025-05-26 04:02:36,032 1800 INFO odoo_loi odoo.addons.base.models.ir_cron: Job 'Discuss: channel member unmute' (10) starting 
2025-05-26 04:02:36,064 1800 INFO odoo_loi odoo.addons.base.models.ir_cron: Job 'Discuss: channel member unmute' (10) done in 0.032s 
2025-05-26 04:02:36,074 1800 INFO odoo_loi odoo.addons.base.models.ir_cron: Job 'Discuss: channel member unmute' (10) processed 0 records, 0 records remaining 
2025-05-26 04:02:36,081 1800 INFO odoo_loi odoo.addons.base.models.ir_cron: Job 'Discuss: channel member unmute' (10) completed 
2025-05-26 04:02:36,108 1800 INFO odoo_loi odoo.addons.base.models.ir_cron: Job 'Discuss: users settings unmute' (11) starting 
2025-05-26 04:02:36,119 1800 INFO odoo_loi odoo.addons.base.models.ir_cron: Job 'Discuss: users settings unmute' (11) done in 0.011s 
2025-05-26 04:02:36,122 1800 INFO odoo_loi odoo.addons.sms.models.sms_sms: GC'd 0 sms marked for deletion 
2025-05-26 04:02:36,126 1800 INFO odoo_loi odoo.addons.base.models.ir_cron: Job 'Discuss: users settings unmute' (11) processed 0 records, 0 records remaining 
2025-05-26 04:02:36,134 1800 INFO odoo_loi odoo.addons.base.models.ir_cron: Job 'Discuss: users settings unmute' (11) completed 
2025-05-26 04:02:36,149 1800 INFO odoo_loi odoo.addons.base.models.ir_cron: Job 'Fleet: Generate contracts costs based on costs frequency' (13) starting 
2025-05-26 04:02:36,154 1800 INFO odoo_loi odoo.addons.base.models.ir_cron: Job 'Base: Auto-vacuum internal data' (1) done in 0.448s 
2025-05-26 04:02:36,161 1800 INFO odoo_loi odoo.addons.base.models.ir_cron: Job 'Base: Auto-vacuum internal data' (1) processed 0 records, 0 records remaining 
2025-05-26 04:02:36,167 1800 INFO odoo_loi odoo.addons.base.models.ir_cron: Job 'Base: Auto-vacuum internal data' (1) completed 
2025-05-26 04:02:36,189 1800 INFO odoo_loi odoo.addons.base.models.ir_cron: Job 'SMS: SMS Queue Manager' (15) starting 
2025-05-26 04:02:36,210 1800 INFO odoo_loi odoo.addons.base.models.ir_cron: Job 'SMS: SMS Queue Manager' (15) done in 0.020s 
2025-05-26 04:02:36,219 1800 INFO odoo_loi odoo.addons.base.models.ir_cron: Job 'SMS: SMS Queue Manager' (15) processed 0 records, 0 records remaining 
2025-05-26 04:02:36,242 1800 INFO odoo_loi odoo.addons.base.models.ir_cron: Job 'SMS: SMS Queue Manager' (15) completed 
2025-05-26 04:02:36,256 1800 INFO odoo_loi odoo.addons.base.models.ir_cron: Job 'Snailmail: process letters queue' (16) starting 
2025-05-26 04:02:36,268 1800 INFO odoo_loi odoo.addons.base.models.ir_cron: Job 'Snailmail: process letters queue' (16) done in 0.011s 
2025-05-26 04:02:36,274 1800 INFO odoo_loi odoo.addons.base.models.ir_cron: Job 'Snailmail: process letters queue' (16) processed 0 records, 0 records remaining 
2025-05-26 04:02:36,282 1800 INFO odoo_loi odoo.addons.base.models.ir_cron: Job 'Snailmail: process letters queue' (16) completed 
2025-05-26 04:02:36,297 1800 INFO odoo_loi odoo.addons.base.models.ir_cron: Job 'Mail: Email Queue Manager' (3) starting 
2025-05-26 04:02:36,362 1800 INFO odoo_loi odoo.addons.base.models.ir_cron: Job 'Mail: Email Queue Manager' (3) done in 0.065s 
2025-05-26 04:02:36,372 1800 INFO odoo_loi odoo.addons.base.models.ir_cron: Job 'Mail: Email Queue Manager' (3) processed 0 records, 0 records remaining 
2025-05-26 04:02:36,380 1800 INFO odoo_loi odoo.addons.base.models.ir_cron: Job 'Mail: Email Queue Manager' (3) completed 
2025-05-26 04:02:36,399 1800 INFO odoo_loi odoo.addons.base.models.ir_cron: Job 'Users: Notify About Unregistered Users' (12) starting 
2025-05-26 04:02:36,428 1800 INFO odoo_loi odoo.addons.base.models.ir_cron: Job 'Users: Notify About Unregistered Users' (12) done in 0.028s 
2025-05-26 04:02:36,436 1800 INFO odoo_loi odoo.addons.base.models.ir_cron: Job 'Users: Notify About Unregistered Users' (12) processed 0 records, 0 records remaining 
2025-05-26 04:02:36,447 1800 INFO odoo_loi odoo.addons.base.models.ir_cron: Job 'Users: Notify About Unregistered Users' (12) completed 
2025-05-26 04:02:36,466 1800 INFO odoo_loi odoo.addons.base.models.ir_cron: Job 'Partner Autocomplete: Sync with remote DB' (14) starting 
2025-05-26 04:02:36,488 1800 INFO odoo_loi odoo.addons.base.models.ir_cron: Job 'Partner Autocomplete: Sync with remote DB' (14) done in 0.020s 
2025-05-26 04:02:36,497 1800 INFO odoo_loi odoo.addons.base.models.ir_cron: Job 'Partner Autocomplete: Sync with remote DB' (14) processed 0 records, 0 records remaining 
2025-05-26 04:02:36,499 1800 INFO odoo_loi odoo.addons.base.models.ir_cron: Job 'Fleet: Generate contracts costs based on costs frequency' (13) done in 0.350s 
2025-05-26 04:02:36,504 1800 INFO odoo_loi odoo.addons.base.models.ir_cron: Job 'Partner Autocomplete: Sync with remote DB' (14) completed 
2025-05-26 04:02:36,523 1800 INFO odoo_loi odoo.addons.base.models.ir_cron: Job 'Base: Portal Users Deletion' (2) starting 
2025-05-26 04:02:36,539 1800 INFO odoo_loi odoo.addons.base.models.ir_cron: Job 'Base: Portal Users Deletion' (2) done in 0.016s 
2025-05-26 04:02:36,543 1800 INFO odoo_loi odoo.addons.base.models.ir_cron: Job 'Base: Portal Users Deletion' (2) processed 0 records, 0 records remaining 
2025-05-26 04:02:36,580 1800 INFO odoo_loi odoo.addons.base.models.ir_cron: Job 'Base: Portal Users Deletion' (2) completed 
2025-05-26 04:02:36,580 1800 INFO odoo_loi odoo.addons.base.models.ir_cron: Job 'Fleet: Generate contracts costs based on costs frequency' (13) processed 0 records, 0 records remaining 
2025-05-26 04:02:36,588 1800 INFO odoo_loi odoo.addons.base.models.ir_cron: Job 'Fleet: Generate contracts costs based on costs frequency' (13) completed 
2025-05-26 04:02:53,659 11160 INFO ? odoo: Odoo version 18.0 
2025-05-26 04:02:53,660 11160 INFO ? odoo: Using configuration file at C:\Users\odvid\OneDrive\Desktop\python\odoo-18\odoo.conf 
2025-05-26 04:02:53,660 11160 INFO ? odoo: addons paths: ['C:\\Users\\odvid\\OneDrive\\Desktop\\python\\odoo-18\\odoo\\addons', 'c:\\users\\odvid\\appdata\\local\\openerp s.a\\odoo\\addons\\18.0', 'c:\\users\\odvid\\onedrive\\desktop\\python\\odoo-18\\addons', 'c:\\users\\odvid\\onedrive\\desktop\\python\\dtt_app\\apps', 'c:\\users\\odvid\\onedrive\\desktop\\python\\odoo-18\\odoo\\addons'] 
2025-05-26 04:02:53,660 11160 INFO ? odoo: database: odoo_dev@localhost:5432 
2025-05-26 04:02:54,075 11160 INFO ? odoo.addons.base.models.ir_actions_report: You need Wkhtmltopdf to print a pdf version of the reports. 
2025-05-26 04:02:54,086 11160 INFO ? odoo.addons.base.models.ir_actions_report: You need Wkhtmltoimage to generate images from html. 
2025-05-26 04:02:54,689 11160 INFO ? odoo.service.server: HTTP service (werkzeug) running on Chaerin:8069 
2025-05-26 04:02:57,672 11160 INFO ? odoo.modules.loading: loading 1 modules... 
2025-05-26 04:02:57,683 11160 INFO ? odoo.modules.loading: 1 modules loaded in 0.01s, 0 queries (+0 extra) 
2025-05-26 04:02:57,728 11160 INFO ? odoo.modules.loading: loading 25 modules... 
2025-05-26 04:02:58,998 11160 INFO ? odoo.modules.loading: 25 modules loaded in 1.27s, 0 queries (+0 extra) 
2025-05-26 04:02:59,154 11160 INFO ? odoo.modules.loading: Modules loaded. 
2025-05-26 04:02:59,162 11160 INFO ? odoo.modules.registry: Registry loaded in 1.560s 
2025-05-26 04:02:59,164 11160 INFO odoo_loi odoo.addons.base.models.ir_http: Generating routing map for key None 
2025-05-26 04:03:00,801 11160 INFO odoo_loi werkzeug: 127.0.0.1 - - [26/May/2025 04:03:00] "GET /odoo/discuss HTTP/1.1" 200 - 111 0.139 3.065
2025-05-26 04:03:01,350 11160 INFO odoo_loi werkzeug: 127.0.0.1 - - [26/May/2025 04:03:01] "GET /web/image?model=res.users&field=avatar_128&id=2 HTTP/1.1" 304 - 17 0.020 0.096
2025-05-26 04:03:01,370 11160 INFO odoo_loi werkzeug: 127.0.0.1 - - [26/May/2025 04:03:01] "GET /bus/websocket_worker_bundle?v=18.0-5 HTTP/1.1" 304 - 4 0.007 0.111
2025-05-26 04:03:01,397 11160 INFO odoo_loi werkzeug: 127.0.0.1 - - [26/May/2025 04:03:01] "GET /websocket?version=18.0-5 HTTP/1.1" 101 - 1 0.002 0.014
2025-05-26 04:03:01,500 11160 INFO odoo_loi werkzeug: 127.0.0.1 - - [26/May/2025 04:03:01] "POST /mail/data HTTP/1.1" 200 - 43 0.082 0.144
2025-05-26 04:03:01,835 11160 INFO odoo_loi werkzeug: 127.0.0.1 - - [26/May/2025 04:03:01] "GET /web/service-worker.js HTTP/1.1" 200 - 1 0.000 0.012
2025-05-26 04:03:01,879 11160 INFO ? odoo.addons.bus.models.bus: Bus.loop listen imbus on db postgres 
2025-05-26 04:03:02,607 11160 INFO odoo_loi werkzeug: 127.0.0.1 - - [26/May/2025 04:03:02] "POST /web/action/load HTTP/1.1" 200 - 8 0.008 1.349
2025-05-26 04:03:02,847 11160 INFO odoo_loi werkzeug: 127.0.0.1 - - [26/May/2025 04:03:02] "POST /mail/data HTTP/1.1" 200 - 62 0.056 0.116
2025-05-26 04:03:02,967 11160 INFO odoo_loi werkzeug: 127.0.0.1 - - [26/May/2025 04:03:02] "POST /mail/inbox/messages HTTP/1.1" 200 - 5 0.004 0.012
2025-05-26 04:03:12,809 11160 INFO odoo_loi werkzeug: 127.0.0.1 - - [26/May/2025 04:03:12] "POST /web/action/load HTTP/1.1" 200 - 10 0.016 0.016
2025-05-26 04:03:12,964 11160 INFO odoo_loi werkzeug: 127.0.0.1 - - [26/May/2025 04:03:12] "POST /web/dataset/call_kw/ir.module.module/get_views HTTP/1.1" 200 - 56 0.024 0.110
2025-05-26 04:03:12,988 11160 INFO odoo_loi werkzeug: 127.0.0.1 - - [26/May/2025 04:03:12] "POST /web/dataset/call_kw/ir.module.module/search_panel_select_range HTTP/1.1" 200 - 1 0.001 0.008
2025-05-26 04:03:13,073 11160 INFO odoo_loi werkzeug: 127.0.0.1 - - [26/May/2025 04:03:13] "POST /web/dataset/call_kw/ir.module.module/search_panel_select_range HTTP/1.1" 200 - 51 0.035 0.057
2025-05-26 04:03:13,126 11160 INFO odoo_loi werkzeug: 127.0.0.1 - - [26/May/2025 04:03:13] "POST /web/dataset/call_kw/ir.module.module/web_search_read HTTP/1.1" 200 - 4 0.010 0.128
2025-05-26 04:03:19,875 11160 INFO odoo_loi werkzeug: 127.0.0.1 - - [26/May/2025 04:03:19] "POST /web/dataset/call_kw/ir.module.module/search_panel_select_range HTTP/1.1" 200 - 48 0.037 0.039
2025-05-26 04:03:19,943 11160 INFO odoo_loi werkzeug: 127.0.0.1 - - [26/May/2025 04:03:19] "POST /web/dataset/call_kw/ir.module.module/web_search_read HTTP/1.1" 200 - 4 0.007 0.133
2025-05-26 04:03:20,080 11160 INFO ? werkzeug: 127.0.0.1 - - [26/May/2025 04:03:20] "GET /base/static/description/icon.png HTTP/1.1" 200 - 0 0.000 0.003
2025-05-26 04:03:21,364 11160 INFO odoo_loi werkzeug: 127.0.0.1 - - [26/May/2025 04:03:21] "POST /web/dataset/call_kw/ir.module.module/search_panel_select_range HTTP/1.1" 200 - 48 0.027 0.042
2025-05-26 04:03:21,383 11160 INFO odoo_loi werkzeug: 127.0.0.1 - - [26/May/2025 04:03:21] "POST /web/dataset/call_kw/ir.module.module/web_search_read HTTP/1.1" 200 - 2 0.004 0.006
2025-05-26 04:03:21,464 11160 INFO ? werkzeug: 127.0.0.1 - - [26/May/2025 04:03:21] "GET /web/static/img/empty_folder.svg HTTP/1.1" 200 - 0 0.000 0.020
2025-05-26 04:03:22,543 11160 INFO odoo_loi werkzeug: 127.0.0.1 - - [26/May/2025 04:03:22] "POST /web/dataset/call_kw/ir.module.module/search_panel_select_range HTTP/1.1" 200 - 48 0.033 0.041
2025-05-26 04:03:22,594 11160 INFO odoo_loi werkzeug: 127.0.0.1 - - [26/May/2025 04:03:22] "POST /web/dataset/call_kw/ir.module.module/web_search_read HTTP/1.1" 200 - 4 0.007 0.115
2025-05-26 04:03:39,246 11160 INFO odoo_loi werkzeug: 127.0.0.1 - - [26/May/2025 04:03:39] "GET /odoo/apps?debug=1 HTTP/1.1" 200 - 28 0.018 0.104
2025-05-26 04:03:39,631 11160 INFO odoo_loi werkzeug: 127.0.0.1 - - [26/May/2025 04:03:39] "GET /web/webclient/load_menus/90eb8106228b5cb8ced3184bc1e28842601a46d13b0ac68e16d08eaa9dd2c575 HTTP/1.1" 200 - 96 0.036 0.306
2025-05-26 04:03:39,730 11160 INFO odoo_loi werkzeug: 127.0.0.1 - - [26/May/2025 04:03:39] "POST /mail/data HTTP/1.1" 200 - 28 0.018 0.059
2025-05-26 04:03:39,792 11160 INFO odoo_loi werkzeug: 127.0.0.1 - - [26/May/2025 04:03:39] "GET /web/image?model=res.users&field=avatar_128&id=2 HTTP/1.1" 304 - 9 0.014 0.039
2025-05-26 04:03:39,807 11160 INFO odoo_loi werkzeug: 127.0.0.1 - - [26/May/2025 04:03:39] "GET /bus/websocket_worker_bundle?v=18.0-5 HTTP/1.1" 304 - 3 0.013 0.025
2025-05-26 04:03:39,815 11160 INFO odoo_loi werkzeug: 127.0.0.1 - - [26/May/2025 04:03:39] "POST /web/action/load HTTP/1.1" 200 - 11 0.038 0.030
2025-05-26 04:03:39,829 11160 INFO odoo_loi werkzeug: 127.0.0.1 - - [26/May/2025 04:03:39] "GET /websocket?version=18.0-5 HTTP/1.1" 101 - 1 0.001 0.008
2025-05-26 04:03:39,857 11160 INFO odoo_loi werkzeug: 127.0.0.1 - - [26/May/2025 04:03:39] "POST /web/dataset/call_kw/ir.module.module/get_views HTTP/1.1" 200 - 2 0.001 0.024
2025-05-26 04:03:39,885 11160 INFO odoo_loi werkzeug: 127.0.0.1 - - [26/May/2025 04:03:39] "POST /web/dataset/call_kw/ir.module.module/search_panel_select_range HTTP/1.1" 200 - 1 0.002 0.013
2025-05-26 04:03:39,964 11160 INFO odoo_loi werkzeug: 127.0.0.1 - - [26/May/2025 04:03:39] "POST /web/dataset/call_kw/ir.module.module/search_panel_select_range HTTP/1.1" 200 - 50 0.044 0.046
2025-05-26 04:03:40,002 11160 INFO odoo_loi werkzeug: 127.0.0.1 - - [26/May/2025 04:03:40] "POST /web/dataset/call_kw/ir.module.module/web_search_read HTTP/1.1" 200 - 3 0.007 0.117
2025-05-26 04:03:40,460 11160 INFO odoo_loi werkzeug: 127.0.0.1 - - [26/May/2025 04:03:40] "GET /web/service-worker.js HTTP/1.1" 200 - 1 0.002 0.008
2025-05-26 04:03:46,026 11160 INFO odoo_loi werkzeug: 127.0.0.1 - - [26/May/2025 04:03:46] "POST /web/action/load HTTP/1.1" 200 - 9 0.003 0.016
2025-05-26 04:03:46,088 11160 INFO odoo_loi werkzeug: 127.0.0.1 - - [26/May/2025 04:03:46] "POST /web/dataset/call_kw/base.module.update/get_views HTTP/1.1" 200 - 12 0.010 0.029
2025-05-26 04:03:46,476 11160 INFO odoo_loi werkzeug: 127.0.0.1 - - [26/May/2025 04:03:46] "POST /web/dataset/call_kw/base.module.update/onchange HTTP/1.1" 200 - 2 0.002 0.011
2025-05-26 04:03:48,357 11160 INFO odoo_loi werkzeug: 127.0.0.1 - - [26/May/2025 04:03:48] "POST /web/dataset/call_kw/base.module.update/web_save HTTP/1.1" 200 - 5 0.005 0.026
2025-05-26 04:03:48,378 11160 INFO odoo_loi odoo.addons.base.models.ir_module: ALLOW access to module.update_list on [] to user emmanuellouisgonzaga@gmail.com #2 via 127.0.0.1 
2025-05-26 04:03:50,177 11160 INFO odoo_loi werkzeug: 127.0.0.1 - - [26/May/2025 04:03:50] "POST /web/dataset/call_button/base.module.update/update_module HTTP/1.1" 200 - 1598 0.578 1.230
2025-05-26 04:03:55,964 11160 INFO odoo_loi odoo.addons.base.models.ir_cron: Job 'Base: Auto-vacuum internal data' (1) starting 
2025-05-26 04:03:56,026 11160 INFO odoo_loi odoo.addons.base.models.ir_attachment: filestore gc 0 checked, 0 removed 
2025-05-26 04:03:56,106 11160 INFO odoo_loi odoo.addons.base.models.res_users: GC'd 0 user log entries 
2025-05-26 04:03:56,120 11160 INFO odoo_loi odoo.addons.base.models.res_users: GC 'res.users.apikeys' delete 0 entries 
2025-05-26 04:03:56,129 11160 INFO odoo_loi odoo.addons.base.models.res_device: GC device logs delete 0 entries 
2025-05-26 04:03:56,131 11160 INFO odoo_loi odoo.addons.base.models.res_device: GC device logs delete 0 entries 
2025-05-26 04:03:56,155 11160 INFO odoo_loi odoo.addons.base.models.res_users: GC 'auth_totp.device' delete 0 entries 
2025-05-26 04:03:56,173 11160 INFO odoo_loi odoo.models.unlink: User #1 deleted bus.bus records with IDs: [1, 2, 3, 4, 5, 6, 7, 8, 9, 10, 11, 12, 13, 14, 15, 16, 17, 18, 19, 20, 21] 
2025-05-26 04:03:56,313 11160 INFO odoo_loi odoo.addons.sms.models.sms_sms: GC'd 0 sms marked for deletion 
2025-05-26 04:03:56,351 11160 INFO odoo_loi odoo.addons.base.models.ir_cron: Job 'Base: Auto-vacuum internal data' (1) done in 0.387s 
2025-05-26 04:03:56,358 11160 INFO odoo_loi odoo.addons.base.models.ir_cron: Job 'Base: Auto-vacuum internal data' (1) processed 0 records, 0 records remaining 
2025-05-26 04:03:56,372 11160 INFO odoo_loi odoo.addons.base.models.ir_cron: Job 'Base: Auto-vacuum internal data' (1) completed 
2025-05-26 04:04:00,847 11160 INFO odoo_loi werkzeug: 127.0.0.1 - - [26/May/2025 04:04:00] "POST /web/dataset/call_kw/ir.module.module/search_panel_select_range HTTP/1.1" 200 - 52 0.030 0.054
2025-05-26 04:04:00,883 11160 INFO odoo_loi werkzeug: 127.0.0.1 - - [26/May/2025 04:04:00] "POST /web/dataset/call_kw/ir.module.module/web_search_read HTTP/1.1" 200 - 3 0.003 0.023
2025-05-26 04:04:00,936 11160 INFO ? werkzeug: 127.0.0.1 - - [26/May/2025 04:04:00] "GET /ncapp/static/description/icon.png HTTP/1.1" 200 - 0 0.000 0.004
2025-05-26 04:04:35,629 11160 INFO odoo_loi werkzeug: 127.0.0.1 - - [26/May/2025 04:04:35] "POST /web/dataset/call_kw/ir.module.module/search_panel_select_range HTTP/1.1" 200 - 52 0.026 0.051
2025-05-26 04:04:35,655 11160 INFO odoo_loi werkzeug: 127.0.0.1 - - [26/May/2025 04:04:35] "POST /web/dataset/call_kw/ir.module.module/web_search_read HTTP/1.1" 200 - 3 0.003 0.013
2025-05-26 04:04:37,214 11160 INFO odoo_loi werkzeug: 127.0.0.1 - - [26/May/2025 04:04:37] "POST /web/dataset/call_kw/ir.module.module/search_panel_select_range HTTP/1.1" 200 - 52 0.044 0.043
2025-05-26 04:04:37,270 11160 INFO odoo_loi werkzeug: 127.0.0.1 - - [26/May/2025 04:04:37] "POST /web/dataset/call_kw/ir.module.module/web_search_read HTTP/1.1" 200 - 4 0.007 0.132
2025-05-26 04:04:41,921 11160 INFO odoo_loi werkzeug: 127.0.0.1 - - [26/May/2025 04:04:41] "POST /web/dataset/call_kw/ir.module.module/search_panel_select_range HTTP/1.1" 200 - 52 0.046 0.046
2025-05-26 04:04:41,972 11160 INFO odoo_loi werkzeug: 127.0.0.1 - - [26/May/2025 04:04:41] "POST /web/dataset/call_kw/ir.module.module/web_search_read HTTP/1.1" 200 - 4 0.009 0.128
2025-06-02 05:33:47,773 5676 INFO ? odoo: Odoo version 18.0 
2025-06-02 05:33:47,775 5676 INFO ? odoo: Using configuration file at C:\Users\odvid\OneDrive\Desktop\python\odoo-18\odoo.conf 
2025-06-02 05:33:47,775 5676 INFO ? odoo: addons paths: ['C:\\Users\\odvid\\OneDrive\\Desktop\\python\\odoo-18\\odoo\\addons', 'c:\\users\\odvid\\appdata\\local\\openerp s.a\\odoo\\addons\\18.0', 'c:\\users\\odvid\\onedrive\\desktop\\python\\odoo-18\\addons', 'c:\\users\\odvid\\onedrive\\desktop\\python\\dtt_app\\apps', 'c:\\users\\odvid\\onedrive\\desktop\\python\\odoo-18\\odoo\\addons'] 
2025-06-02 05:33:47,775 5676 INFO ? odoo: database: odoo_dev@localhost:5432 
2025-06-02 05:33:48,222 5676 INFO ? odoo.addons.base.models.ir_actions_report: You need Wkhtmltopdf to print a pdf version of the reports. 
2025-06-02 05:33:48,235 5676 INFO ? odoo.addons.base.models.ir_actions_report: You need Wkhtmltoimage to generate images from html. 
2025-06-02 05:33:48,993 5676 INFO ? odoo.service.server: HTTP service (werkzeug) running on Chaerin:8069 
2025-06-02 05:33:59,800 5676 INFO ? odoo.modules.loading: loading 1 modules... 
2025-06-02 05:33:59,809 5676 INFO ? odoo.modules.loading: 1 modules loaded in 0.01s, 0 queries (+0 extra) 
2025-06-02 05:33:59,986 5676 INFO ? odoo.modules.loading: loading 25 modules... 
2025-06-02 05:34:01,552 5676 INFO ? odoo.modules.loading: 25 modules loaded in 1.56s, 0 queries (+0 extra) 
2025-06-02 05:34:01,743 5676 INFO ? odoo.modules.loading: Modules loaded. 
2025-06-02 05:34:01,762 5676 INFO ? odoo.modules.registry: Registry loaded in 2.154s 
2025-06-02 05:34:01,764 5676 INFO odoo_loi odoo.addons.base.models.ir_http: Generating routing map for key None 
2025-06-02 05:34:01,828 5676 INFO odoo_loi werkzeug: 127.0.0.1 - - [02/Jun/2025 05:34:01] "GET / HTTP/1.1" 303 - 20 0.235 2.064
2025-06-02 05:34:01,924 5676 INFO odoo_loi werkzeug: 127.0.0.1 - - [02/Jun/2025 05:34:01] "GET /odoo HTTP/1.1" 303 - 2 0.005 0.048
2025-06-02 05:34:02,725 5676 INFO odoo_loi werkzeug: 127.0.0.1 - - [02/Jun/2025 05:34:02] "GET /web/login?redirect=%2Fodoo%3F HTTP/1.1" 200 - 60 0.134 0.661
2025-06-02 05:34:11,617 5676 INFO odoo_loi werkzeug: 127.0.0.1 - - [02/Jun/2025 05:34:11] "GET /web/service-worker.js HTTP/1.1" 200 - 3 0.007 0.188
2025-06-02 05:34:11,654 5676 INFO ? werkzeug: 127.0.0.1 - - [02/Jun/2025 05:34:11] "GET /web/static/src/libs/fontawesome/fonts/fontawesome-webfont.woff2?v=4.7.0 HTTP/1.1" 200 - 1 0.004 8.892
2025-06-02 05:34:11,856 5676 INFO odoo_loi werkzeug: 127.0.0.1 - - [02/Jun/2025 05:34:11] "GET /web/assets/7470011/web.assets_frontend_minimal.min.js HTTP/1.1" 200 - 5 0.017 9.074
2025-06-02 05:34:11,857 5676 INFO odoo_loi werkzeug: 127.0.0.1 - - [02/Jun/2025 05:34:11] "GET /web/login?redirect=%2Fodoo%3F HTTP/1.1" 200 - 5 0.017 0.414
2025-06-02 05:34:11,909 5676 INFO odoo_loi werkzeug: 127.0.0.1 - - [02/Jun/2025 05:34:11] "GET /odoo/offline HTTP/1.1" 200 - 12 0.024 0.222
2025-06-02 05:34:12,024 5676 INFO ? werkzeug: 127.0.0.1 - - [02/Jun/2025 05:34:12] "GET /web/static/src/libs/fontawesome/fonts/fontawesome-webfont.woff2?v=4.7.0 HTTP/1.1" 304 - 1 0.007 0.119
2025-06-02 05:34:12,042 5676 INFO odoo_loi werkzeug: 127.0.0.1 - - [02/Jun/2025 05:34:12] "GET /web/binary/company_logo HTTP/1.1" 200 - 3 0.028 0.597
2025-06-02 05:34:20,937 5676 INFO odoo_loi odoo.addons.base.models.assetsbundle: Generating a new asset bundle attachment /web/assets/56b8593/web.assets_frontend.min.css (id:287) 
2025-06-02 05:34:20,938 5676 INFO odoo_loi odoo.addons.base.models.assetsbundle: Generating a new asset bundle attachment /web/assets/56b8593/web.assets_frontend.min.css (id:288) 
2025-06-02 05:34:20,941 5676 INFO odoo_loi odoo.addons.base.models.assetsbundle: Deleting attachments [195] (matching /web/assets/_______/web.assets_frontend.min.css) because it was replaced with /web/assets/56b8593/web.assets_frontend.min.css 
2025-06-02 05:34:20,941 5676 INFO odoo_loi odoo.addons.base.models.assetsbundle: Deleting attachments [195] (matching /web/assets/_______/web.assets_frontend.min.css) because it was replaced with /web/assets/56b8593/web.assets_frontend.min.css 
2025-06-02 05:34:20,976 5676 INFO odoo_loi werkzeug: 127.0.0.1 - - [02/Jun/2025 05:34:20] "GET /web/assets/56b8593/web.assets_frontend.min.css HTTP/1.1" 200 - 15 0.096 8.967
2025-06-02 05:34:21,027 5676 INFO odoo_loi werkzeug: 127.0.0.1 - - [02/Jun/2025 05:34:21] "GET /web/assets/56b8593/web.assets_frontend.min.css HTTP/1.1" 200 - 14 0.145 18.121
2025-06-02 05:34:21,039 5676 INFO odoo_loi werkzeug: 127.0.0.1 - - [02/Jun/2025 05:34:21] "GET /web/binary/company_logo HTTP/1.1" 200 - 3 0.005 0.051
2025-06-02 05:34:28,500 5676 INFO odoo_loi odoo.addons.base.models.assetsbundle: Generating a new asset bundle attachment /web/assets/b8838ef/web.assets_frontend_lazy.min.js (id:289) 
2025-06-02 05:34:28,501 5676 INFO odoo_loi odoo.addons.base.models.assetsbundle: Deleting attachments [196] (matching /web/assets/_______/web.assets_frontend_lazy.min.js) because it was replaced with /web/assets/b8838ef/web.assets_frontend_lazy.min.js 
2025-06-02 05:34:28,701 5676 INFO odoo_loi werkzeug: 127.0.0.1 - - [02/Jun/2025 05:34:28] "GET /web/assets/b8838ef/web.assets_frontend_lazy.min.js HTTP/1.1" 200 - 12 0.017 7.609
2025-06-02 05:34:28,953 5676 INFO odoo_loi werkzeug: 127.0.0.1 - - [02/Jun/2025 05:34:28] "GET /web/webclient/translations/1748842468858 HTTP/1.1" 200 - 3 0.004 0.087
2025-06-02 05:34:35,869 5676 INFO odoo_loi werkzeug: 127.0.0.1 - - [02/Jun/2025 05:34:35] "GET /odoo/apps?debug=1 HTTP/1.1" 303 - 2 0.005 0.051
2025-06-02 05:34:35,948 5676 INFO odoo_loi werkzeug: 127.0.0.1 - - [02/Jun/2025 05:34:35] "GET /web/login?redirect=%2Fodoo%2Fapps%3Fdebug%3D1 HTTP/1.1" 200 - 4 0.007 0.066
2025-06-02 05:34:36,006 5676 INFO odoo_loi werkzeug: 127.0.0.1 - - [02/Jun/2025 05:34:36] "GET /web/binary/company_logo HTTP/1.1" 304 - 2 0.001 0.009
2025-06-02 05:34:36,160 5676 INFO odoo_loi werkzeug: 127.0.0.1 - - [02/Jun/2025 05:34:36] "GET /web/webclient/translations/1748842476152 HTTP/1.1" 200 - 2 0.003 0.004
2025-06-02 05:34:36,919 5676 INFO odoo_loi werkzeug: 127.0.0.1 - - [02/Jun/2025 05:34:36] "GET /web/service-worker.js HTTP/1.1" 200 - 2 0.001 0.006
2025-06-02 05:34:50,386 5676 INFO odoo_loi odoo.addons.base.models.ir_cron: Job 'Base: Auto-vacuum internal data' (1) starting 
2025-06-02 05:34:50,389 5676 INFO odoo_loi odoo.addons.base.models.ir_cron: Job 'Notification: Delete Notifications older than 6 Month' (5) starting 
2025-06-02 05:34:50,458 5676 INFO odoo_loi odoo.addons.base.models.ir_cron: Job 'Notification: Delete Notifications older than 6 Month' (5) done in 0.069s 
2025-06-02 05:34:50,466 5676 INFO odoo_loi odoo.addons.base.models.ir_cron: Job 'Notification: Delete Notifications older than 6 Month' (5) processed 0 records, 0 records remaining 
2025-06-02 05:34:50,482 5676 INFO odoo_loi odoo.addons.base.models.ir_cron: Job 'Notification: Delete Notifications older than 6 Month' (5) completed 
2025-06-02 05:34:50,495 5676 INFO odoo_loi odoo.addons.base.models.ir_cron: Job 'Mail: Post scheduled messages' (7) starting 
2025-06-02 05:34:50,511 5676 INFO odoo_loi odoo.addons.mail.models.mail_scheduled_message: Posting 0 scheduled messages 
2025-06-02 05:34:50,513 5676 INFO odoo_loi odoo.addons.base.models.ir_cron: Job 'Mail: Post scheduled messages' (7) done in 0.016s 
2025-06-02 05:34:50,517 5676 INFO odoo_loi odoo.addons.base.models.ir_cron: Job 'Mail: Post scheduled messages' (7) processed 0 records, 0 records remaining 
2025-06-02 05:34:50,523 5676 INFO odoo_loi odoo.addons.base.models.ir_cron: Job 'Mail: Post scheduled messages' (7) completed 
2025-06-02 05:34:50,532 5676 INFO odoo_loi odoo.addons.base.models.ir_attachment: filestore gc 4 checked, 2 removed 
2025-06-02 05:34:50,538 5676 INFO odoo_loi odoo.addons.base.models.ir_cron: Job 'Notification: Notify scheduled messages' (8) starting 
2025-06-02 05:34:50,557 5676 INFO odoo_loi odoo.addons.base.models.ir_cron: Job 'Notification: Notify scheduled messages' (8) done in 0.019s 
2025-06-02 05:34:50,559 5676 INFO odoo_loi odoo.models.unlink: User #1 deleted ir.cron.progress records with IDs: [1, 2, 3, 4, 5, 6, 7, 8, 9, 10, 11, 12, 13, 14, 15] 
2025-06-02 05:34:50,594 5676 INFO odoo_loi odoo.addons.base.models.ir_cron: Job 'Notification: Notify scheduled messages' (8) processed 0 records, 0 records remaining 
2025-06-02 05:34:50,602 5676 INFO odoo_loi odoo.addons.base.models.ir_cron: Job 'Notification: Notify scheduled messages' (8) completed 
2025-06-02 05:34:50,621 5676 INFO odoo_loi odoo.addons.base.models.ir_cron: Job 'Mail: send web push notification' (9) starting 
2025-06-02 05:34:50,655 5676 INFO odoo_loi odoo.addons.base.models.ir_cron: Job 'Mail: send web push notification' (9) done in 0.034s 
2025-06-02 05:34:50,666 5676 INFO odoo_loi odoo.addons.base.models.res_users: GC'd 0 user log entries 
2025-06-02 05:34:50,666 5676 INFO odoo_loi odoo.addons.base.models.ir_cron: Job 'Mail: send web push notification' (9) processed 0 records, 0 records remaining 
2025-06-02 05:34:50,676 5676 INFO odoo_loi odoo.addons.base.models.ir_cron: Job 'Mail: send web push notification' (9) completed 
2025-06-02 05:34:50,690 5676 INFO odoo_loi odoo.addons.base.models.ir_cron: Job 'Discuss: channel member unmute' (10) starting 
2025-06-02 05:34:50,692 5676 INFO odoo_loi odoo.addons.base.models.res_users: GC 'res.users.apikeys' delete 0 entries 
2025-06-02 05:34:50,709 5676 INFO odoo_loi odoo.addons.base.models.res_device: GC device logs delete 0 entries 
2025-06-02 05:34:50,712 5676 INFO odoo_loi odoo.addons.base.models.res_device: GC device logs delete 0 entries 
2025-06-02 05:34:50,719 5676 INFO odoo_loi odoo.addons.base.models.ir_cron: Job 'Discuss: channel member unmute' (10) done in 0.028s 
2025-06-02 05:34:50,725 5676 INFO odoo_loi odoo.models.unlink: User #1 deleted base.module.update records with IDs: [1] 
2025-06-02 05:34:50,727 5676 INFO odoo_loi odoo.addons.base.models.ir_cron: Job 'Discuss: channel member unmute' (10) processed 0 records, 0 records remaining 
2025-06-02 05:34:50,733 5676 INFO odoo_loi odoo.addons.base.models.ir_cron: Job 'Discuss: channel member unmute' (10) completed 
2025-06-02 05:34:50,743 5676 INFO odoo_loi odoo.models.unlink: User #1 deleted base.language.install records with IDs: [1] 
2025-06-02 05:34:50,746 5676 INFO odoo_loi odoo.addons.base.models.ir_cron: Job 'Discuss: users settings unmute' (11) starting 
2025-06-02 05:34:50,757 5676 INFO odoo_loi odoo.addons.base.models.ir_cron: Job 'Discuss: users settings unmute' (11) done in 0.011s 
2025-06-02 05:34:50,762 5676 INFO odoo_loi odoo.addons.base.models.ir_cron: Job 'Discuss: users settings unmute' (11) processed 0 records, 0 records remaining 
2025-06-02 05:34:50,770 5676 INFO odoo_loi odoo.addons.base.models.ir_cron: Job 'Discuss: users settings unmute' (11) completed 
2025-06-02 05:34:50,776 5676 INFO odoo_loi odoo.addons.base.models.res_users: GC 'auth_totp.device' delete 0 entries 
2025-06-02 05:34:50,781 5676 INFO odoo_loi odoo.addons.base.models.ir_cron: Job 'Fleet: Generate contracts costs based on costs frequency' (13) starting 
2025-06-02 05:34:50,800 5676 INFO odoo_loi odoo.models.unlink: User #1 deleted bus.bus records with IDs: [22, 23, 24, 25, 26, 27, 28, 29] 
2025-06-02 05:34:50,833 5676 INFO odoo_loi odoo.models.unlink: User #1 deleted bus.presence records with IDs: [1] 
2025-06-02 05:34:50,859 5676 INFO odoo_loi odoo.addons.base.models.ir_cron: Job 'Fleet: Generate contracts costs based on costs frequency' (13) done in 0.077s 
2025-06-02 05:34:50,959 5676 INFO odoo_loi odoo.addons.base.models.ir_cron: Job 'Fleet: Generate contracts costs based on costs frequency' (13) processed 0 records, 0 records remaining 
2025-06-02 05:34:50,975 5676 INFO odoo_loi odoo.addons.base.models.ir_cron: Job 'Fleet: Generate contracts costs based on costs frequency' (13) completed 
2025-06-02 05:34:51,003 5676 INFO odoo_loi odoo.addons.base.models.ir_cron: Job 'SMS: SMS Queue Manager' (15) starting 
2025-06-02 05:34:51,044 5676 INFO odoo_loi odoo.addons.base.models.ir_cron: Job 'SMS: SMS Queue Manager' (15) done in 0.040s 
2025-06-02 05:34:51,056 5676 INFO odoo_loi odoo.addons.base.models.ir_cron: Job 'SMS: SMS Queue Manager' (15) processed 0 records, 0 records remaining 
2025-06-02 05:34:51,114 5676 INFO odoo_loi odoo.addons.base.models.ir_cron: Job 'SMS: SMS Queue Manager' (15) completed 
2025-06-02 05:34:51,142 5676 INFO odoo_loi odoo.addons.base.models.ir_cron: Job 'Snailmail: process letters queue' (16) starting 
2025-06-02 05:34:51,170 5676 INFO odoo_loi odoo.addons.base.models.ir_cron: Job 'Snailmail: process letters queue' (16) done in 0.028s 
2025-06-02 05:34:51,183 5676 INFO odoo_loi odoo.addons.base.models.ir_cron: Job 'Snailmail: process letters queue' (16) processed 0 records, 0 records remaining 
2025-06-02 05:34:51,211 5676 INFO odoo_loi odoo.addons.base.models.ir_cron: Job 'Snailmail: process letters queue' (16) completed 
2025-06-02 05:34:51,230 5676 INFO odoo_loi odoo.addons.base.models.ir_cron: Job 'Mail: Email Queue Manager' (3) starting 
2025-06-02 05:34:51,237 5676 INFO odoo_loi odoo.addons.sms.models.sms_sms: GC'd 0 sms marked for deletion 
2025-06-02 05:34:51,279 5676 INFO odoo_loi odoo.addons.base.models.ir_cron: Job 'Base: Auto-vacuum internal data' (1) done in 0.893s 
2025-06-02 05:34:51,284 5676 INFO odoo_loi odoo.addons.base.models.ir_cron: Job 'Base: Auto-vacuum internal data' (1) processed 0 records, 0 records remaining 
2025-06-02 05:34:51,297 5676 INFO odoo_loi odoo.addons.base.models.ir_cron: Job 'Base: Auto-vacuum internal data' (1) completed 
2025-06-02 05:34:51,314 5676 INFO odoo_loi odoo.addons.base.models.ir_cron: Job 'Users: Notify About Unregistered Users' (12) starting 
2025-06-02 05:34:51,332 5676 INFO odoo_loi odoo.addons.base.models.ir_cron: Job 'Users: Notify About Unregistered Users' (12) done in 0.018s 
2025-06-02 05:34:51,337 5676 INFO odoo_loi odoo.addons.base.models.ir_cron: Job 'Users: Notify About Unregistered Users' (12) processed 0 records, 0 records remaining 
2025-06-02 05:34:51,343 5676 INFO odoo_loi odoo.addons.base.models.ir_cron: Job 'Users: Notify About Unregistered Users' (12) completed 
2025-06-02 05:34:51,352 5676 INFO odoo_loi odoo.addons.base.models.ir_cron: Job 'Partner Autocomplete: Sync with remote DB' (14) starting 
2025-06-02 05:34:51,362 5676 INFO odoo_loi odoo.addons.base.models.ir_cron: Job 'Partner Autocomplete: Sync with remote DB' (14) done in 0.010s 
2025-06-02 05:34:51,366 5676 INFO odoo_loi odoo.addons.base.models.ir_cron: Job 'Partner Autocomplete: Sync with remote DB' (14) processed 0 records, 0 records remaining 
2025-06-02 05:34:51,374 5676 INFO odoo_loi odoo.addons.base.models.ir_cron: Job 'Partner Autocomplete: Sync with remote DB' (14) completed 
2025-06-02 05:34:51,383 5676 INFO odoo_loi odoo.addons.base.models.ir_cron: Job 'Base: Portal Users Deletion' (2) starting 
2025-06-02 05:34:51,397 5676 INFO odoo_loi odoo.addons.base.models.ir_cron: Job 'Base: Portal Users Deletion' (2) done in 0.014s 
2025-06-02 05:34:51,400 5676 INFO odoo_loi odoo.addons.base.models.ir_cron: Job 'Base: Portal Users Deletion' (2) processed 0 records, 0 records remaining 
2025-06-02 05:34:51,406 5676 INFO odoo_loi odoo.addons.base.models.ir_cron: Job 'Base: Portal Users Deletion' (2) completed 
2025-06-02 05:34:51,416 5676 INFO odoo_loi odoo.addons.base.models.ir_cron: Job 'Publisher: Update Notification' (4) starting 
2025-06-02 05:34:52,200 5676 INFO odoo_loi odoo.addons.base.models.ir_cron: Job 'Publisher: Update Notification' (4) done in 0.784s 
2025-06-02 05:34:52,206 5676 INFO odoo_loi odoo.addons.base.models.ir_cron: Job 'Publisher: Update Notification' (4) processed 0 records, 0 records remaining 
2025-06-02 05:34:52,212 5676 INFO odoo_loi odoo.addons.base.models.ir_cron: Job 'Publisher: Update Notification' (4) completed 
2025-06-02 05:34:55,403 5676 INFO odoo_loi odoo.addons.base.models.ir_cron: Job 'Mail: Email Queue Manager' (3) done in 4.173s 
2025-06-02 05:34:55,408 5676 INFO odoo_loi odoo.addons.base.models.ir_cron: Job 'Mail: Email Queue Manager' (3) processed 0 records, 0 records remaining 
2025-06-02 05:34:55,415 5676 INFO odoo_loi odoo.addons.base.models.ir_cron: Job 'Mail: Email Queue Manager' (3) completed 
2025-06-02 05:34:57,385 5676 INFO odoo_loi odoo.addons.base.models.res_users: Login failed for db:odoo_loi login:odoo_dev from 127.0.0.1 
2025-06-02 05:34:57,394 5676 INFO odoo_loi werkzeug: 127.0.0.1 - - [02/Jun/2025 05:34:57] "POST /web/login HTTP/1.1" 200 - 7 0.011 0.071
2025-06-02 05:34:57,471 5676 INFO odoo_loi werkzeug: 127.0.0.1 - - [02/Jun/2025 05:34:57] "GET /web/binary/company_logo HTTP/1.1" 304 - 2 0.002 0.007
2025-06-02 05:34:57,635 5676 INFO odoo_loi werkzeug: 127.0.0.1 - - [02/Jun/2025 05:34:57] "GET /web/webclient/translations/1748842497628 HTTP/1.1" 200 - 2 0.000 0.006
2025-06-02 05:35:11,477 5676 INFO odoo_loi odoo.addons.base.models.res_users: Login successful for db:odoo_loi login:emmanuellouisgonzaga@gmail.com from 127.0.0.1 
2025-06-02 05:35:11,497 5676 INFO odoo_loi werkzeug: 127.0.0.1 - - [02/Jun/2025 05:35:11] "POST /web/login HTTP/1.1" 303 - 34 0.038 0.531
2025-06-02 05:35:11,531 5676 INFO odoo_loi odoo.addons.base.models.res_device: User 2 inserts device log (-6wJIiicp0W5r5ZrXBcL8BEmddIUiVzgKvDghDZDsH) 
2025-06-02 05:35:13,042 5676 INFO odoo_loi werkzeug: 127.0.0.1 - - [02/Jun/2025 05:35:13] "GET /odoo/apps?debug=1 HTTP/1.1" 200 - 71 0.099 1.432
2025-06-02 05:35:13,408 5676 INFO ? werkzeug: 127.0.0.1 - - [02/Jun/2025 05:35:13] "GET /web/static/img/odoo-icon-ios.png HTTP/1.1" 200 - 0 0.000 0.016
2025-06-02 05:35:13,640 5676 INFO odoo_loi werkzeug: 127.0.0.1 - - [02/Jun/2025 05:35:13] "GET /web/image?model=res.users&field=avatar_128&id=2 HTTP/1.1" 200 - 9 0.032 0.058
2025-06-02 05:35:13,647 5676 INFO odoo_loi werkzeug: 127.0.0.1 - - [02/Jun/2025 05:35:13] "GET /web/image/res.partner/3/avatar_128?unique=1748203312000 HTTP/1.1" 200 - 8 0.035 0.062
2025-06-02 05:35:13,650 5676 INFO ? werkzeug: 127.0.0.1 - - [02/Jun/2025 05:35:13] "GET /web/static/lib/odoo_ui_icons/fonts/odoo_ui_icons.woff2 HTTP/1.1" 304 - 0 0.000 0.036
2025-06-02 05:35:13,657 5676 INFO odoo_loi werkzeug: 127.0.0.1 - - [02/Jun/2025 05:35:13] "POST /web/action/load HTTP/1.1" 200 - 11 0.075 0.030
2025-06-02 05:35:13,693 5676 INFO odoo_loi werkzeug: 127.0.0.1 - - [02/Jun/2025 05:35:13] "GET /bus/websocket_worker_bundle?v=18.0-5 HTTP/1.1" 304 - 4 0.007 0.064
2025-06-02 05:35:13,741 5676 INFO odoo_loi werkzeug: 127.0.0.1 - - [02/Jun/2025 05:35:13] "GET /websocket?version=18.0-5 HTTP/1.1" 101 - 1 0.000 0.018
2025-06-02 05:35:13,822 5676 INFO odoo_loi werkzeug: 127.0.0.1 - - [02/Jun/2025 05:35:13] "POST /mail/data HTTP/1.1" 200 - 43 0.096 0.081
2025-06-02 05:35:13,883 5676 INFO odoo_loi werkzeug: 127.0.0.1 - - [02/Jun/2025 05:35:13] "POST /web/dataset/call_kw/ir.module.module/get_views HTTP/1.1" 200 - 57 0.080 0.129
2025-06-02 05:35:13,908 5676 INFO odoo_loi werkzeug: 127.0.0.1 - - [02/Jun/2025 05:35:13] "POST /web/dataset/call_kw/ir.module.module/search_panel_select_range HTTP/1.1" 200 - 1 0.001 0.012
2025-06-02 05:35:13,993 5676 INFO odoo_loi werkzeug: 127.0.0.1 - - [02/Jun/2025 05:35:13] "POST /web/dataset/call_kw/ir.module.module/search_panel_select_range HTTP/1.1" 200 - 54 0.041 0.055
2025-06-02 05:35:14,114 5676 INFO odoo_loi werkzeug: 127.0.0.1 - - [02/Jun/2025 05:35:14] "POST /web/dataset/call_kw/ir.module.module/web_search_read HTTP/1.1" 200 - 4 0.017 0.195
2025-06-02 05:35:14,118 5676 INFO odoo_loi werkzeug: 127.0.0.1 - - [02/Jun/2025 05:35:14] "GET /web/service-worker.js HTTP/1.1" 200 - 1 0.001 0.029
2025-06-02 05:35:14,164 5676 INFO odoo_loi werkzeug: 127.0.0.1 - - [02/Jun/2025 05:35:14] "GET /odoo/offline HTTP/1.1" 200 - 2 0.003 0.015
2025-06-02 05:35:14,493 5676 INFO ? werkzeug: 127.0.0.1 - - [02/Jun/2025 05:35:14] "GET /ncapp/static/description/icon.png HTTP/1.1" 200 - 0 0.000 0.014
2025-06-02 05:35:14,513 5676 INFO ? werkzeug: 127.0.0.1 - - [02/Jun/2025 05:35:14] "GET /crm/static/description/icon.png HTTP/1.1" 200 - 0 0.000 0.011
2025-06-02 05:35:14,535 5676 INFO ? werkzeug: 127.0.0.1 - - [02/Jun/2025 05:35:14] "GET /sale_management/static/description/icon.png HTTP/1.1" 304 - 0 0.000 0.025
2025-06-02 05:35:14,555 5676 INFO ? werkzeug: 127.0.0.1 - - [02/Jun/2025 05:35:14] "GET /pos_restaurant/static/description/icon.png HTTP/1.1" 304 - 0 0.000 0.034
2025-06-02 05:35:14,557 5676 INFO ? odoo.addons.bus.models.bus: Bus.loop listen imbus on db postgres 
2025-06-02 05:35:14,565 5676 INFO ? werkzeug: 127.0.0.1 - - [02/Jun/2025 05:35:14] "GET /account/static/description/icon.png HTTP/1.1" 304 - 0 0.000 0.023
2025-06-02 05:35:14,571 5676 INFO ? werkzeug: 127.0.0.1 - - [02/Jun/2025 05:35:14] "GET /base/static/img/icons/mrp_workorder.png HTTP/1.1" 200 - 0 0.000 0.020
2025-06-02 05:35:14,584 5676 INFO ? werkzeug: 127.0.0.1 - - [02/Jun/2025 05:35:14] "GET /stock/static/description/icon.png HTTP/1.1" 200 - 0 0.000 0.012
2025-06-02 05:35:14,593 5676 INFO ? werkzeug: 127.0.0.1 - - [02/Jun/2025 05:35:14] "GET /base/static/img/icons/account_accountant.png HTTP/1.1" 304 - 0 0.000 0.011
2025-06-02 05:35:14,603 5676 INFO ? werkzeug: 127.0.0.1 - - [02/Jun/2025 05:35:14] "GET /base/static/img/icons/knowledge.png HTTP/1.1" 304 - 0 0.000 0.012
2025-06-02 05:35:14,620 5676 INFO ? werkzeug: 127.0.0.1 - - [02/Jun/2025 05:35:14] "GET /purchase/static/description/icon.png HTTP/1.1" 304 - 0 0.000 0.020
2025-06-02 05:35:14,633 5676 INFO ? werkzeug: 127.0.0.1 - - [02/Jun/2025 05:35:14] "GET /point_of_sale/static/description/icon.png HTTP/1.1" 304 - 0 0.000 0.024
2025-06-02 05:35:14,673 5676 INFO ? werkzeug: 127.0.0.1 - - [02/Jun/2025 05:35:14] "GET /project/static/description/icon.png HTTP/1.1" 304 - 0 0.000 0.013
2025-06-02 05:35:14,694 5676 INFO ? werkzeug: 127.0.0.1 - - [02/Jun/2025 05:35:14] "GET /website_sale/static/description/icon.png HTTP/1.1" 304 - 0 0.000 0.021
2025-06-02 05:35:14,710 5676 INFO ? werkzeug: 127.0.0.1 - - [02/Jun/2025 05:35:14] "GET /mrp/static/description/icon.png HTTP/1.1" 304 - 0 0.000 0.025
2025-06-02 05:35:14,731 5676 INFO ? werkzeug: 127.0.0.1 - - [02/Jun/2025 05:35:14] "GET /mass_mailing/static/description/icon.png HTTP/1.1" 304 - 0 0.000 0.030
2025-06-02 05:35:14,736 5676 INFO ? werkzeug: 127.0.0.1 - - [02/Jun/2025 05:35:14] "GET /base/static/img/icons/timesheet_grid.png HTTP/1.1" 304 - 0 0.000 0.029
2025-06-02 05:35:14,744 5676 INFO ? werkzeug: 127.0.0.1 - - [02/Jun/2025 05:35:14] "GET /hr_expense/static/description/icon.png HTTP/1.1" 304 - 0 0.000 0.023
2025-06-02 05:35:14,752 5676 INFO ? werkzeug: 127.0.0.1 - - [02/Jun/2025 05:35:14] "GET /base/static/img/icons/web_studio.png HTTP/1.1" 304 - 0 0.000 0.015
2025-06-02 05:35:14,762 5676 INFO ? werkzeug: 127.0.0.1 - - [02/Jun/2025 05:35:14] "GET /hr_holidays/static/description/icon.png HTTP/1.1" 304 - 0 0.000 0.014
2025-06-02 05:35:14,774 5676 INFO ? werkzeug: 127.0.0.1 - - [02/Jun/2025 05:35:14] "GET /hr_recruitment/static/description/icon.png HTTP/1.1" 304 - 0 0.000 0.020
2025-06-02 05:35:14,779 5676 INFO ? werkzeug: 127.0.0.1 - - [02/Jun/2025 05:35:14] "GET /base/static/img/icons/industry_fsm.png HTTP/1.1" 304 - 0 0.000 0.013
2025-06-02 05:35:14,788 5676 INFO ? werkzeug: 127.0.0.1 - - [02/Jun/2025 05:35:14] "GET /hr/static/description/icon.png HTTP/1.1" 304 - 0 0.000 0.018
2025-06-02 05:35:14,795 5676 INFO ? werkzeug: 127.0.0.1 - - [02/Jun/2025 05:35:14] "GET /data_recycle/static/description/icon.png HTTP/1.1" 304 - 0 0.000 0.014
2025-06-02 05:35:14,800 5676 INFO ? werkzeug: 127.0.0.1 - - [02/Jun/2025 05:35:14] "GET /maintenance/static/description/icon.png HTTP/1.1" 304 - 0 0.000 0.015
2025-06-02 05:35:14,811 5676 INFO ? werkzeug: 127.0.0.1 - - [02/Jun/2025 05:35:14] "GET /marketing_card/static/description/icon.png HTTP/1.1" 304 - 0 0.000 0.015
2025-06-02 05:35:14,819 5676 INFO ? werkzeug: 127.0.0.1 - - [02/Jun/2025 05:35:14] "GET /base/static/img/icons/sign.png HTTP/1.1" 304 - 0 0.000 0.013
2025-06-02 05:35:14,827 5676 INFO ? werkzeug: 127.0.0.1 - - [02/Jun/2025 05:35:14] "GET /base/static/img/icons/helpdesk.png HTTP/1.1" 304 - 0 0.000 0.014
2025-06-02 05:35:14,835 5676 INFO ? werkzeug: 127.0.0.1 - - [02/Jun/2025 05:35:14] "GET /base/static/img/icons/sale_subscription.png HTTP/1.1" 304 - 0 0.000 0.012
2025-06-02 05:35:14,842 5676 INFO ? werkzeug: 127.0.0.1 - - [02/Jun/2025 05:35:14] "GET /base/static/img/icons/quality_control.png HTTP/1.1" 304 - 0 0.000 0.011
2025-06-02 05:35:14,853 5676 INFO ? werkzeug: 127.0.0.1 - - [02/Jun/2025 05:35:14] "GET /website_slides/static/description/icon.png HTTP/1.1" 304 - 0 0.000 0.015
2025-06-02 05:35:14,861 5676 INFO ? werkzeug: 127.0.0.1 - - [02/Jun/2025 05:35:14] "GET /base/static/img/icons/planning.png HTTP/1.1" 304 - 0 0.000 0.015
2025-06-02 05:35:14,866 5676 INFO ? werkzeug: 127.0.0.1 - - [02/Jun/2025 05:35:14] "GET /website_event/static/description/icon.png HTTP/1.1" 304 - 0 0.000 0.017
2025-06-02 05:35:14,870 5676 INFO ? werkzeug: 127.0.0.1 - - [02/Jun/2025 05:35:14] "GET /base/static/img/icons/social.png HTTP/1.1" 200 - 0 0.000 0.011
2025-06-02 05:35:14,881 5676 INFO ? werkzeug: 127.0.0.1 - - [02/Jun/2025 05:35:14] "GET /mail/static/description/icon.png HTTP/1.1" 304 - 0 0.000 0.017
2025-06-02 05:35:14,885 5676 INFO ? werkzeug: 127.0.0.1 - - [02/Jun/2025 05:35:14] "GET /base/static/img/icons/hr_appraisal.png HTTP/1.1" 200 - 0 0.000 0.012
2025-06-02 05:35:14,893 5676 INFO ? werkzeug: 127.0.0.1 - - [02/Jun/2025 05:35:14] "GET /contacts/static/description/icon.png HTTP/1.1" 304 - 0 0.000 0.014
2025-06-02 05:35:14,903 5676 INFO ? werkzeug: 127.0.0.1 - - [02/Jun/2025 05:35:14] "GET /fleet/static/description/icon.png HTTP/1.1" 200 - 0 0.000 0.015
2025-06-02 05:35:14,906 5676 INFO ? werkzeug: 127.0.0.1 - - [02/Jun/2025 05:35:14] "GET /base/static/img/icons/marketing_automation.png HTTP/1.1" 200 - 0 0.000 0.011
2025-06-02 05:35:14,912 5676 INFO ? werkzeug: 127.0.0.1 - - [02/Jun/2025 05:35:14] "GET /base/static/img/icons/mrp_plm.png HTTP/1.1" 304 - 0 0.000 0.011
2025-06-02 05:35:14,921 5676 INFO ? werkzeug: 127.0.0.1 - - [02/Jun/2025 05:35:14] "GET /calendar/static/description/icon.png HTTP/1.1" 304 - 0 0.000 0.013
2025-06-02 05:35:14,933 5676 INFO ? werkzeug: 127.0.0.1 - - [02/Jun/2025 05:35:14] "GET /im_livechat/static/description/icon.png HTTP/1.1" 200 - 0 0.000 0.016
2025-06-02 05:35:14,936 5676 INFO ? werkzeug: 127.0.0.1 - - [02/Jun/2025 05:35:14] "GET /base/static/img/icons/appointment.png HTTP/1.1" 200 - 0 0.000 0.013
2025-06-02 05:35:14,946 5676 INFO ? werkzeug: 127.0.0.1 - - [02/Jun/2025 05:35:14] "GET /survey/static/description/icon.png HTTP/1.1" 200 - 0 0.000 0.014
2025-06-02 05:35:14,955 5676 INFO ? werkzeug: 127.0.0.1 - - [02/Jun/2025 05:35:14] "GET /base/static/img/icons/web_mobile.png HTTP/1.1" 200 - 0 0.000 0.015
2025-06-02 05:35:14,962 5676 INFO ? werkzeug: 127.0.0.1 - - [02/Jun/2025 05:35:14] "GET /repair/static/description/icon.png HTTP/1.1" 200 - 0 0.000 0.013
2025-06-02 05:35:14,973 5676 INFO ? werkzeug: 127.0.0.1 - - [02/Jun/2025 05:35:14] "GET /hr_attendance/static/description/icon.png HTTP/1.1" 200 - 0 0.000 0.015
2025-06-02 05:35:14,980 5676 INFO ? werkzeug: 127.0.0.1 - - [02/Jun/2025 05:35:14] "GET /mass_mailing_sms/static/description/icon.png HTTP/1.1" 200 - 0 0.000 0.015
2025-06-02 05:35:14,984 5676 INFO ? werkzeug: 127.0.0.1 - - [02/Jun/2025 05:35:14] "GET /base/static/img/icons/stock_barcode.png HTTP/1.1" 200 - 0 0.000 0.015
2025-06-02 05:35:15,010 5676 INFO ? werkzeug: 127.0.0.1 - - [02/Jun/2025 05:35:15] "GET /project_todo/static/description/icon.png HTTP/1.1" 200 - 0 0.000 0.033
2025-06-02 05:35:15,014 5676 INFO ? werkzeug: 127.0.0.1 - - [02/Jun/2025 05:35:15] "GET /base/static/img/icons/voip.png HTTP/1.1" 200 - 0 0.000 0.016
2025-06-02 05:35:15,018 5676 INFO ? werkzeug: 127.0.0.1 - - [02/Jun/2025 05:35:15] "GET /hr_skills/static/description/icon.png HTTP/1.1" 200 - 0 0.000 0.029
2025-06-02 05:35:15,028 5676 INFO ? werkzeug: 127.0.0.1 - - [02/Jun/2025 05:35:15] "GET /lunch/static/description/icon.png HTTP/1.1" 200 - 0 0.000 0.021
2025-06-02 05:35:15,037 5676 INFO ? werkzeug: 127.0.0.1 - - [02/Jun/2025 05:35:15] "GET /website_hr_recruitment/static/description/icon.png HTTP/1.1" 200 - 0 0.000 0.016
2025-06-02 05:35:15,048 5676 INFO ? werkzeug: 127.0.0.1 - - [02/Jun/2025 05:35:15] "GET /base/static/img/icons/sale_amazon.png HTTP/1.1" 200 - 0 0.000 0.016
2025-06-02 05:35:15,052 5676 INFO ? werkzeug: 127.0.0.1 - - [02/Jun/2025 05:35:15] "GET /hr_contract/static/description/icon.png HTTP/1.1" 200 - 0 0.000 0.014
2025-06-02 05:35:15,055 5676 INFO ? werkzeug: 127.0.0.1 - - [02/Jun/2025 05:35:15] "GET /website/static/description/icon.png HTTP/1.1" 200 - 0 0.000 0.011
2025-06-02 05:35:23,335 5676 INFO odoo_loi werkzeug: 127.0.0.1 - - [02/Jun/2025 05:35:23] "POST /web/dataset/call_kw/ir.module.module/search_panel_select_range HTTP/1.1" 200 - 52 0.034 0.050
2025-06-02 05:35:23,352 5676 INFO odoo_loi werkzeug: 127.0.0.1 - - [02/Jun/2025 05:35:23] "POST /web/dataset/call_kw/ir.module.module/web_search_read HTTP/1.1" 200 - 2 0.002 0.006
2025-06-02 05:35:23,426 5676 INFO ? werkzeug: 127.0.0.1 - - [02/Jun/2025 05:35:23] "GET /web/static/img/empty_folder.svg HTTP/1.1" 200 - 0 0.000 0.018
2025-06-02 05:35:37,780 5676 INFO odoo_loi werkzeug: 127.0.0.1 - - [02/Jun/2025 05:35:37] "POST /web/action/load HTTP/1.1" 200 - 9 0.012 0.015
2025-06-02 05:35:37,820 5676 INFO odoo_loi werkzeug: 127.0.0.1 - - [02/Jun/2025 05:35:37] "POST /web/dataset/call_kw/base.module.update/get_views HTTP/1.1" 200 - 12 0.004 0.020
2025-06-02 05:35:37,888 5676 INFO odoo_loi werkzeug: 127.0.0.1 - - [02/Jun/2025 05:35:37] "POST /web/dataset/call_kw/base.module.update/onchange HTTP/1.1" 200 - 2 0.003 0.005
2025-06-02 05:35:39,601 5676 INFO odoo_loi werkzeug: 127.0.0.1 - - [02/Jun/2025 05:35:39] "POST /web/dataset/call_kw/base.module.update/web_save HTTP/1.1" 200 - 5 0.022 0.010
2025-06-02 05:35:39,623 5676 INFO odoo_loi odoo.addons.base.models.ir_module: ALLOW access to module.update_list on [] to user emmanuellouisgonzaga@gmail.com #2 via 127.0.0.1 
2025-06-02 05:35:41,322 5676 INFO odoo_loi werkzeug: 127.0.0.1 - - [02/Jun/2025 05:35:41] "POST /web/dataset/call_button/base.module.update/update_module HTTP/1.1" 200 - 1599 0.574 1.134
2025-06-02 05:35:42,709 5676 INFO odoo_loi werkzeug: 127.0.0.1 - - [02/Jun/2025 05:35:42] "POST /web/dataset/call_kw/ir.module.module/search_panel_select_range HTTP/1.1" 200 - 52 0.020 0.049
2025-06-02 05:35:42,803 5676 INFO odoo_loi werkzeug: 127.0.0.1 - - [02/Jun/2025 05:35:42] "POST /web/dataset/call_kw/ir.module.module/web_search_read HTTP/1.1" 200 - 3 0.003 0.083
2025-06-02 05:35:42,925 5676 INFO ? werkzeug: 127.0.0.1 - - [02/Jun/2025 05:35:42] "GET /base/static/description/icon.png HTTP/1.1" 200 - 0 0.000 0.002
2025-06-02 05:35:43,620 5676 INFO odoo_loi werkzeug: 127.0.0.1 - - [02/Jun/2025 05:35:43] "POST /web/dataset/call_kw/ir.module.module/search_panel_select_range HTTP/1.1" 200 - 52 0.047 0.036
2025-06-02 05:35:43,675 5676 INFO odoo_loi werkzeug: 127.0.0.1 - - [02/Jun/2025 05:35:43] "POST /web/dataset/call_kw/ir.module.module/web_search_read HTTP/1.1" 200 - 4 0.005 0.117
2025-06-02 05:36:46,425 5676 INFO odoo_loi odoo.addons.base.models.ir_module: ALLOW access to module.button_immediate_install on ['Test App'] to user emmanuellouisgonzaga@gmail.com #2 via 127.0.0.1 
2025-06-02 05:36:46,425 5676 INFO odoo_loi odoo.addons.base.models.ir_module: User #2 triggered module installation 
2025-06-02 05:36:46,426 5676 INFO odoo_loi odoo.addons.base.models.ir_module: ALLOW access to module.button_install on ['Test App'] to user emmanuellouisgonzaga@gmail.com #2 via 127.0.0.1 
2025-06-02 05:36:46,602 5676 WARNING odoo_loi odoo.http: Unable to install module "test" because an external dependency is not met: External dependency snowflake-connector-python not installed: No package metadata was found for snowflake-connector-python 
2025-06-02 05:36:46,602 5676 INFO odoo_loi werkzeug: 127.0.0.1 - - [02/Jun/2025 05:36:46] "POST /web/dataset/call_button/ir.module.module/button_immediate_install HTTP/1.1" 200 - 15 0.008 0.179
2025-06-02 05:36:52,821 5676 INFO odoo_loi werkzeug: 127.0.0.1 - - [02/Jun/2025 05:36:52] "POST /web/dataset/call_kw/base.module.update/onchange HTTP/1.1" 200 - 1 0.001 0.005
2025-06-02 05:36:54,561 5676 INFO odoo_loi werkzeug: 127.0.0.1 - - [02/Jun/2025 05:36:54] "POST /web/dataset/call_kw/base.module.update/web_save HTTP/1.1" 200 - 3 0.002 0.022
2025-06-02 05:36:54,580 5676 INFO odoo_loi odoo.addons.base.models.ir_module: ALLOW access to module.update_list on [] to user emmanuellouisgonzaga@gmail.com #2 via 127.0.0.1 
2025-06-02 05:36:56,482 5676 INFO odoo_loi werkzeug: 127.0.0.1 - - [02/Jun/2025 05:36:56] "POST /web/dataset/call_button/base.module.update/update_module HTTP/1.1" 200 - 1585 0.641 1.269
2025-06-02 05:36:57,994 5676 INFO odoo_loi odoo.addons.base.models.ir_module: ALLOW access to module.button_immediate_install on ['Test App'] to user emmanuellouisgonzaga@gmail.com #2 via 127.0.0.1 
2025-06-02 05:36:57,994 5676 INFO odoo_loi odoo.addons.base.models.ir_module: User #2 triggered module installation 
2025-06-02 05:36:57,995 5676 INFO odoo_loi odoo.addons.base.models.ir_module: ALLOW access to module.button_install on ['Test App'] to user emmanuellouisgonzaga@gmail.com #2 via 127.0.0.1 
2025-06-02 05:36:58,017 5676 WARNING odoo_loi odoo.http: Unable to install module "test" because an external dependency is not met: External dependency snowflake-connector-python not installed: No package metadata was found for snowflake-connector-python 
2025-06-02 05:36:58,018 5676 INFO odoo_loi werkzeug: 127.0.0.1 - - [02/Jun/2025 05:36:58] "POST /web/dataset/call_button/ir.module.module/button_immediate_install HTTP/1.1" 200 - 11 0.008 0.028
2025-06-02 05:37:20,347 14896 INFO ? odoo: Odoo version 18.0 
2025-06-02 05:37:20,348 14896 INFO ? odoo: Using configuration file at C:\Users\odvid\OneDrive\Desktop\python\odoo-18\odoo.conf 
2025-06-02 05:37:20,348 14896 INFO ? odoo: addons paths: ['C:\\Users\\odvid\\OneDrive\\Desktop\\python\\odoo-18\\odoo\\addons', 'c:\\users\\odvid\\appdata\\local\\openerp s.a\\odoo\\addons\\18.0', 'c:\\users\\odvid\\onedrive\\desktop\\python\\odoo-18\\addons', 'c:\\users\\odvid\\onedrive\\desktop\\python\\dtt_app\\apps', 'c:\\users\\odvid\\onedrive\\desktop\\python\\odoo-18\\odoo\\addons'] 
2025-06-02 05:37:20,349 14896 INFO ? odoo: database: odoo_dev@localhost:5432 
2025-06-02 05:37:20,668 14896 INFO ? odoo.addons.base.models.ir_actions_report: You need Wkhtmltopdf to print a pdf version of the reports. 
2025-06-02 05:37:20,679 14896 INFO ? odoo.addons.base.models.ir_actions_report: You need Wkhtmltoimage to generate images from html. 
2025-06-02 05:37:21,205 14896 INFO ? odoo.service.server: HTTP service (werkzeug) running on Chaerin:8069 
2025-06-02 05:37:21,362 14896 INFO ? odoo.modules.loading: loading 1 modules... 
2025-06-02 05:37:21,371 14896 INFO ? odoo.modules.loading: 1 modules loaded in 0.01s, 0 queries (+0 extra) 
2025-06-02 05:37:21,412 14896 INFO ? odoo.modules.loading: loading 25 modules... 
2025-06-02 05:37:22,715 14896 INFO ? odoo.modules.loading: 25 modules loaded in 1.30s, 0 queries (+0 extra) 
2025-06-02 05:37:22,871 14896 INFO ? odoo.modules.loading: Modules loaded. 
2025-06-02 05:37:22,878 14896 INFO ? odoo.modules.registry: Registry loaded in 1.635s 
2025-06-02 05:37:22,881 14896 INFO odoo_loi odoo.addons.base.models.ir_http: Generating routing map for key None 
2025-06-02 05:37:24,498 14896 INFO odoo_loi werkzeug: 127.0.0.1 - - [02/Jun/2025 05:37:24] "GET /odoo/apps?debug=1 HTTP/1.1" 200 - 108 0.148 3.111
2025-06-02 05:37:24,870 14896 INFO odoo_loi werkzeug: 127.0.0.1 - - [02/Jun/2025 05:37:24] "GET /bus/websocket_worker_bundle?v=18.0-5 HTTP/1.1" 304 - 4 0.002 0.012
2025-06-02 05:37:24,891 14896 INFO odoo_loi werkzeug: 127.0.0.1 - - [02/Jun/2025 05:37:24] "GET /websocket?version=18.0-5 HTTP/1.1" 101 - 1 0.001 0.008
2025-06-02 05:37:25,253 14896 INFO ? odoo.addons.bus.models.bus: Bus.loop listen imbus on db postgres 
2025-06-02 05:37:25,511 14896 INFO odoo_loi werkzeug: 127.0.0.1 - - [02/Jun/2025 05:37:25] "GET /web/service-worker.js HTTP/1.1" 200 - 1 0.000 0.007
2025-06-02 05:37:25,560 14896 INFO odoo_loi werkzeug: 127.0.0.1 - - [02/Jun/2025 05:37:25] "GET /web/image?model=res.users&field=avatar_128&id=2 HTTP/1.1" 304 - 13 0.008 0.028
2025-06-02 05:37:25,835 14896 INFO odoo_loi werkzeug: 127.0.0.1 - - [02/Jun/2025 05:37:25] "POST /mail/data HTTP/1.1" 200 - 43 0.047 0.056
2025-06-02 05:37:26,605 14896 WARNING ? odoo.modules.module: Missing `license` key in manifest for 'test', defaulting to LGPL-3 
2025-06-02 05:37:26,642 14896 INFO odoo_loi werkzeug: 127.0.0.1 - - [02/Jun/2025 05:37:26] "POST /web/action/load HTTP/1.1" 200 - 12 0.015 1.098
2025-06-02 05:37:26,784 14896 INFO odoo_loi werkzeug: 127.0.0.1 - - [02/Jun/2025 05:37:26] "POST /web/dataset/call_kw/ir.module.module/get_views HTTP/1.1" 200 - 56 0.025 0.105
2025-06-02 05:37:26,887 14896 INFO odoo_loi werkzeug: 127.0.0.1 - - [02/Jun/2025 05:37:26] "POST /web/dataset/call_kw/ir.module.module/search_panel_select_range HTTP/1.1" 200 - 1 0.001 0.091
2025-06-02 05:37:26,982 14896 INFO odoo_loi werkzeug: 127.0.0.1 - - [02/Jun/2025 05:37:26] "POST /web/dataset/call_kw/ir.module.module/search_panel_select_range HTTP/1.1" 200 - 54 0.062 0.123
2025-06-02 05:37:27,023 14896 INFO odoo_loi werkzeug: 127.0.0.1 - - [02/Jun/2025 05:37:27] "POST /web/dataset/call_kw/ir.module.module/web_search_read HTTP/1.1" 200 - 4 0.006 0.212
2025-06-02 05:37:32,177 14896 INFO odoo_loi odoo.addons.base.models.ir_module: ALLOW access to module.button_immediate_install on ['Test App'] to user emmanuellouisgonzaga@gmail.com #2 via 127.0.0.1 
2025-06-02 05:37:32,177 14896 INFO odoo_loi odoo.addons.base.models.ir_module: User #2 triggered module installation 
2025-06-02 05:37:32,180 14896 INFO odoo_loi odoo.addons.base.models.ir_module: ALLOW access to module.button_install on ['Test App'] to user emmanuellouisgonzaga@gmail.com #2 via 127.0.0.1 
2025-06-02 05:37:32,395 14896 INFO odoo_loi odoo.modules.loading: loading 1 modules... 
2025-06-02 05:37:32,404 14896 INFO odoo_loi odoo.modules.loading: 1 modules loaded in 0.01s, 0 queries (+0 extra) 
2025-06-02 05:37:32,454 14896 INFO odoo_loi odoo.modules.loading: updating modules list 
2025-06-02 05:37:32,459 14896 INFO odoo_loi odoo.addons.base.models.ir_module: ALLOW access to module.update_list on [] to user __system__ #1 via 127.0.0.1 
2025-06-02 05:37:34,088 14896 INFO odoo_loi odoo.modules.loading: loading 25 modules... 
2025-06-02 05:37:34,132 14896 INFO odoo_loi odoo.modules.loading: 25 modules loaded in 0.04s, 0 queries (+0 extra) 
2025-06-02 05:37:34,136 14896 INFO odoo_loi odoo.modules.loading: loading 26 modules... 
2025-06-02 05:37:34,136 14896 INFO odoo_loi odoo.modules.loading: Loading module test (2/26) 
2025-06-02 05:37:34,427 14896 INFO odoo_loi odoo.modules.loading: Module test loaded in 0.29s, 11 queries (+11 other) 
2025-06-02 05:37:34,427 14896 INFO odoo_loi odoo.modules.loading: 26 modules loaded in 0.29s, 11 queries (+11 extra) 
2025-06-02 05:37:35,393 14896 INFO odoo_loi odoo.modules.loading: Modules loaded. 
2025-06-02 05:37:35,414 14896 INFO odoo_loi odoo.modules.registry: Registry changed, signaling through the database 
2025-06-02 05:37:35,417 14896 INFO odoo_loi odoo.modules.registry: Registry loaded in 3.043s 
2025-06-02 05:37:35,418 14896 INFO odoo_loi odoo.addons.base.models.ir_module: getting next ir.actions.todo() 
2025-06-02 05:37:35,428 14896 INFO odoo_loi werkzeug: 127.0.0.1 - - [02/Jun/2025 05:37:35] "POST /web/dataset/call_button/ir.module.module/button_immediate_install HTTP/1.1" 200 - 2339 1.230 2.033
2025-06-02 05:37:35,446 14896 INFO odoo_loi odoo.addons.base.models.ir_http: Generating routing map for key None 
2025-06-02 05:37:35,625 14896 WARNING odoo_loi odoo.modules.module: Missing `license` key in manifest for 'test', defaulting to LGPL-3 
2025-06-02 05:37:36,771 14896 INFO odoo_loi werkzeug: 127.0.0.1 - - [02/Jun/2025 05:37:36] "GET /odoo HTTP/1.1" 200 - 87 0.035 1.294
2025-06-02 05:37:36,834 14896 INFO odoo_loi werkzeug: 127.0.0.1 - - [02/Jun/2025 05:37:36] "GET /web/webclient/translations/8638cac862900d44940455c2fad4312526f7541f?lang=en_US HTTP/1.1" 200 - 1 0.002 0.026
2025-06-02 05:37:37,161 14896 INFO odoo_loi werkzeug: 127.0.0.1 - - [02/Jun/2025 05:37:37] "GET /bus/websocket_worker_bundle?v=18.0-5 HTTP/1.1" 304 - 4 0.012 0.060
2025-06-02 05:37:37,161 14896 INFO odoo_loi werkzeug: 127.0.0.1 - - [02/Jun/2025 05:37:37] "GET /web/image?model=res.users&field=avatar_128&id=2 HTTP/1.1" 304 - 9 0.017 0.054
2025-06-02 05:37:37,185 14896 INFO odoo_loi werkzeug: 127.0.0.1 - - [02/Jun/2025 05:37:37] "POST /web/action/load HTTP/1.1" 200 - 7 0.013 0.075
2025-06-02 05:37:37,212 14896 INFO odoo_loi werkzeug: 127.0.0.1 - - [02/Jun/2025 05:37:37] "GET /websocket?version=18.0-5 HTTP/1.1" 101 - 1 0.000 0.026
2025-06-02 05:37:37,322 14896 INFO odoo_loi werkzeug: 127.0.0.1 - - [02/Jun/2025 05:37:37] "POST /mail/data HTTP/1.1" 200 - 43 0.100 0.118
2025-06-02 05:37:37,440 14896 INFO odoo_loi werkzeug: 127.0.0.1 - - [02/Jun/2025 05:37:37] "POST /mail/data HTTP/1.1" 200 - 62 0.058 0.120
2025-06-02 05:37:37,545 14896 INFO odoo_loi werkzeug: 127.0.0.1 - - [02/Jun/2025 05:37:37] "POST /mail/inbox/messages HTTP/1.1" 200 - 5 0.007 0.011
2025-06-02 05:37:37,817 14896 INFO odoo_loi werkzeug: 127.0.0.1 - - [02/Jun/2025 05:37:37] "GET /web/service-worker.js HTTP/1.1" 200 - 1 0.001 0.016
2025-06-02 05:37:42,955 14896 INFO odoo_loi werkzeug: 127.0.0.1 - - [02/Jun/2025 05:37:42] "GET /odoo/apps?debug=1 HTTP/1.1" 200 - 14 0.003 0.035
2025-06-02 05:37:43,286 14896 INFO odoo_loi werkzeug: 127.0.0.1 - - [02/Jun/2025 05:37:43] "GET /web/image?model=res.users&field=avatar_128&id=2 HTTP/1.1" 304 - 9 0.010 0.030
2025-06-02 05:37:43,299 14896 INFO odoo_loi werkzeug: 127.0.0.1 - - [02/Jun/2025 05:37:43] "POST /web/action/load HTTP/1.1" 200 - 11 0.028 0.023
2025-06-02 05:37:43,366 14896 INFO odoo_loi werkzeug: 127.0.0.1 - - [02/Jun/2025 05:37:43] "POST /mail/data HTTP/1.1" 200 - 28 0.036 0.053
2025-06-02 05:37:43,462 14896 INFO odoo_loi werkzeug: 127.0.0.1 - - [02/Jun/2025 05:37:43] "POST /web/dataset/call_kw/ir.module.module/get_views HTTP/1.1" 200 - 56 0.052 0.097
2025-06-02 05:37:43,483 14896 INFO odoo_loi werkzeug: 127.0.0.1 - - [02/Jun/2025 05:37:43] "POST /web/dataset/call_kw/ir.module.module/search_panel_select_range HTTP/1.1" 200 - 1 0.003 0.007
2025-06-02 05:37:43,571 14896 INFO odoo_loi werkzeug: 127.0.0.1 - - [02/Jun/2025 05:37:43] "POST /web/dataset/call_kw/ir.module.module/search_panel_select_range HTTP/1.1" 200 - 55 0.043 0.051
2025-06-02 05:37:43,598 14896 INFO odoo_loi werkzeug: 127.0.0.1 - - [02/Jun/2025 05:37:43] "POST /web/dataset/call_kw/ir.module.module/web_search_read HTTP/1.1" 200 - 4 0.005 0.108
2025-06-02 05:37:43,980 14896 INFO odoo_loi werkzeug: 127.0.0.1 - - [02/Jun/2025 05:37:43] "GET /web/service-worker.js HTTP/1.1" 200 - 1 0.001 0.007
2025-06-02 05:37:45,842 14896 INFO odoo_loi werkzeug: 127.0.0.1 - - [02/Jun/2025 05:37:45] "POST /web/dataset/call_kw/ir.module.module/search_panel_select_range HTTP/1.1" 200 - 52 0.030 0.044
2025-06-02 05:37:45,860 14896 INFO odoo_loi werkzeug: 127.0.0.1 - - [02/Jun/2025 05:37:45] "POST /web/dataset/call_kw/ir.module.module/web_search_read HTTP/1.1" 200 - 2 0.002 0.007
2025-06-02 05:37:47,395 14896 INFO odoo_loi werkzeug: 127.0.0.1 - - [02/Jun/2025 05:37:47] "POST /web/action/load HTTP/1.1" 200 - 9 0.004 0.016
2025-06-02 05:37:47,444 14896 INFO odoo_loi werkzeug: 127.0.0.1 - - [02/Jun/2025 05:37:47] "POST /web/dataset/call_kw/base.module.update/get_views HTTP/1.1" 200 - 12 0.007 0.020
2025-06-02 05:37:47,519 14896 INFO odoo_loi werkzeug: 127.0.0.1 - - [02/Jun/2025 05:37:47] "POST /web/dataset/call_kw/base.module.update/onchange HTTP/1.1" 200 - 2 0.001 0.007
2025-06-02 05:37:48,909 14896 INFO odoo_loi werkzeug: 127.0.0.1 - - [02/Jun/2025 05:37:48] "POST /web/dataset/call_kw/base.module.update/web_save HTTP/1.1" 200 - 5 0.007 0.008
2025-06-02 05:37:48,936 14896 INFO odoo_loi odoo.addons.base.models.ir_module: ALLOW access to module.update_list on [] to user emmanuellouisgonzaga@gmail.com #2 via 127.0.0.1 
2025-06-02 05:37:50,700 14896 INFO odoo_loi werkzeug: 127.0.0.1 - - [02/Jun/2025 05:37:50] "POST /web/dataset/call_button/base.module.update/update_module HTTP/1.1" 200 - 1589 0.600 1.175
2025-06-02 05:37:52,332 14896 INFO odoo_loi werkzeug: 127.0.0.1 - - [02/Jun/2025 05:37:52] "POST /web/dataset/call_kw/ir.module.module/search_panel_select_range HTTP/1.1" 200 - 52 0.024 0.043
2025-06-02 05:37:52,400 14896 INFO odoo_loi werkzeug: 127.0.0.1 - - [02/Jun/2025 05:37:52] "POST /web/dataset/call_kw/ir.module.module/web_search_read HTTP/1.1" 200 - 3 0.001 0.058
2025-06-02 05:37:53,238 14896 INFO odoo_loi werkzeug: 127.0.0.1 - - [02/Jun/2025 05:37:53] "POST /web/dataset/call_kw/ir.module.module/search_panel_select_range HTTP/1.1" 200 - 52 0.040 0.043
2025-06-02 05:37:53,285 14896 INFO odoo_loi werkzeug: 127.0.0.1 - - [02/Jun/2025 05:37:53] "POST /web/dataset/call_kw/ir.module.module/web_search_read HTTP/1.1" 200 - 4 0.005 0.114
2025-06-02 05:37:54,410 14896 INFO odoo_loi werkzeug: 127.0.0.1 - - [02/Jun/2025 05:37:54] "POST /web/dataset/call_kw/base.module.update/onchange HTTP/1.1" 200 - 1 0.000 0.007
2025-06-02 05:37:55,609 14896 INFO odoo_loi werkzeug: 127.0.0.1 - - [02/Jun/2025 05:37:55] "POST /web/dataset/call_kw/base.module.update/web_save HTTP/1.1" 200 - 3 0.000 0.010
2025-06-02 05:37:55,628 14896 INFO odoo_loi odoo.addons.base.models.ir_module: ALLOW access to module.update_list on [] to user emmanuellouisgonzaga@gmail.com #2 via 127.0.0.1 
2025-06-02 05:37:57,455 14896 INFO odoo_loi werkzeug: 127.0.0.1 - - [02/Jun/2025 05:37:57] "POST /web/dataset/call_button/base.module.update/update_module HTTP/1.1" 200 - 1585 0.614 1.222
2025-06-02 05:38:04,557 18752 INFO ? odoo: Odoo version 18.0 
2025-06-02 05:38:04,557 18752 INFO ? odoo: Using configuration file at C:\Users\odvid\OneDrive\Desktop\python\odoo-18\odoo.conf 
2025-06-02 05:38:04,558 18752 INFO ? odoo: addons paths: ['C:\\Users\\odvid\\OneDrive\\Desktop\\python\\odoo-18\\odoo\\addons', 'c:\\users\\odvid\\appdata\\local\\openerp s.a\\odoo\\addons\\18.0', 'c:\\users\\odvid\\onedrive\\desktop\\python\\odoo-18\\addons', 'c:\\users\\odvid\\onedrive\\desktop\\python\\dtt_app\\apps', 'c:\\users\\odvid\\onedrive\\desktop\\python\\odoo-18\\odoo\\addons'] 
2025-06-02 05:38:04,558 18752 INFO ? odoo: database: odoo_dev@localhost:5432 
2025-06-02 05:38:04,852 18752 INFO ? odoo.addons.base.models.ir_actions_report: You need Wkhtmltopdf to print a pdf version of the reports. 
2025-06-02 05:38:04,862 18752 INFO ? odoo.addons.base.models.ir_actions_report: You need Wkhtmltoimage to generate images from html. 
2025-06-02 05:38:05,351 18752 INFO ? odoo.service.server: HTTP service (werkzeug) running on Chaerin:8069 
2025-06-02 05:38:06,368 18752 INFO ? odoo.modules.loading: loading 1 modules... 
2025-06-02 05:38:06,380 18752 INFO ? odoo.modules.loading: 1 modules loaded in 0.01s, 0 queries (+0 extra) 
2025-06-02 05:38:06,409 18752 WARNING ? odoo.modules.module: Missing `license` key in manifest for 'test', defaulting to LGPL-3 
2025-06-02 05:38:06,476 18752 INFO ? odoo.modules.loading: loading 26 modules... 
2025-06-02 05:38:09,701 18752 INFO ? odoo.modules.loading: 26 modules loaded in 3.22s, 0 queries (+0 extra) 
2025-06-02 05:38:09,850 18752 INFO ? odoo.modules.loading: Modules loaded. 
2025-06-02 05:38:09,859 18752 INFO ? odoo.modules.registry: Registry loaded in 3.558s 
2025-06-02 05:38:09,860 18752 INFO odoo_loi odoo.addons.base.models.ir_http: Generating routing map for key None 
2025-06-02 05:38:10,207 18752 INFO odoo_loi werkzeug: 127.0.0.1 - - [02/Jun/2025 05:38:10] "POST /web/dataset/call_kw/base.module.update/onchange HTTP/1.1" 200 - 7 0.073 4.702
2025-06-02 05:38:10,208 18752 INFO odoo_loi werkzeug: 127.0.0.1 - - [02/Jun/2025 05:38:10] "POST /web/dataset/call_kw/base.module.update/onchange HTTP/1.1" 200 - 5 0.039 4.515
2025-06-02 05:38:10,209 18752 INFO odoo_loi werkzeug: 127.0.0.1 - - [02/Jun/2025 05:38:10] "POST /web/dataset/call_kw/base.module.update/onchange HTTP/1.1" 200 - 7 0.074 4.764
2025-06-02 05:38:10,213 18752 INFO odoo_loi werkzeug: 127.0.0.1 - - [02/Jun/2025 05:38:10] "GET /websocket?version=18.0-5 HTTP/1.1" 101 - 6 0.033 2.926
2025-06-02 05:38:10,239 18752 INFO odoo_loi werkzeug: 127.0.0.1 - - [02/Jun/2025 05:38:10] "POST /bus/has_missed_notifications HTTP/1.1" 200 - 2 0.003 0.016
2025-06-02 05:38:10,448 18752 WARNING odoo_loi odoo.modules.module: Missing `license` key in manifest for 'test', defaulting to LGPL-3 
2025-06-02 05:38:10,597 18752 INFO ? odoo.addons.bus.models.bus: Bus.loop listen imbus on db postgres 
2025-06-02 05:38:11,630 18752 INFO odoo_loi werkzeug: 127.0.0.1 - - [02/Jun/2025 05:38:11] "GET /odoo/apps?debug=1 HTTP/1.1" 200 - 107 0.190 5.145
2025-06-02 05:38:11,999 18752 INFO odoo_loi werkzeug: 127.0.0.1 - - [02/Jun/2025 05:38:11] "GET /bus/websocket_worker_bundle?v=18.0-5 HTTP/1.1" 304 - 4 0.004 0.011
2025-06-02 05:38:12,019 18752 INFO odoo_loi werkzeug: 127.0.0.1 - - [02/Jun/2025 05:38:12] "GET /websocket?version=18.0-5 HTTP/1.1" 101 - 1 0.001 0.006
2025-06-02 05:38:12,673 18752 INFO odoo_loi werkzeug: 127.0.0.1 - - [02/Jun/2025 05:38:12] "GET /web/service-worker.js HTTP/1.1" 200 - 1 0.001 0.018
2025-06-02 05:38:12,701 18752 INFO odoo_loi werkzeug: 127.0.0.1 - - [02/Jun/2025 05:38:12] "GET /web/image?model=res.users&field=avatar_128&id=2 HTTP/1.1" 304 - 9 0.012 0.034
2025-06-02 05:38:12,724 18752 INFO odoo_loi werkzeug: 127.0.0.1 - - [02/Jun/2025 05:38:12] "POST /web/action/load HTTP/1.1" 200 - 11 0.041 0.023
2025-06-02 05:38:12,864 18752 INFO odoo_loi werkzeug: 127.0.0.1 - - [02/Jun/2025 05:38:12] "POST /web/dataset/call_kw/ir.module.module/get_views HTTP/1.1" 200 - 56 0.040 0.090
2025-06-02 05:38:12,891 18752 INFO odoo_loi werkzeug: 127.0.0.1 - - [02/Jun/2025 05:38:12] "POST /web/dataset/call_kw/ir.module.module/search_panel_select_range HTTP/1.1" 200 - 1 0.002 0.010
2025-06-02 05:38:13,010 18752 INFO odoo_loi werkzeug: 127.0.0.1 - - [02/Jun/2025 05:38:13] "POST /web/dataset/call_kw/ir.module.module/search_panel_select_range HTTP/1.1" 200 - 55 0.084 0.044
2025-06-02 05:38:13,037 18752 INFO odoo_loi werkzeug: 127.0.0.1 - - [02/Jun/2025 05:38:13] "POST /mail/data HTTP/1.1" 200 - 43 0.076 0.065
2025-06-02 05:38:13,078 18752 INFO odoo_loi werkzeug: 127.0.0.1 - - [02/Jun/2025 05:38:13] "POST /web/dataset/call_kw/ir.module.module/web_search_read HTTP/1.1" 200 - 3 0.013 0.179
2025-06-02 05:38:48,054 18752 INFO odoo_loi werkzeug: 127.0.0.1 - - [02/Jun/2025 05:38:48] "POST /web/action/load HTTP/1.1" 200 - 9 0.008 0.015
2025-06-02 05:38:48,103 18752 INFO odoo_loi werkzeug: 127.0.0.1 - - [02/Jun/2025 05:38:48] "POST /web/dataset/call_kw/base.module.update/get_views HTTP/1.1" 200 - 12 0.006 0.021
2025-06-02 05:38:48,130 18752 INFO odoo_loi werkzeug: 127.0.0.1 - - [02/Jun/2025 05:38:48] "POST /web/dataset/call_kw/base.module.update/onchange HTTP/1.1" 200 - 1 0.001 0.005
2025-06-02 05:38:49,918 18752 INFO odoo_loi werkzeug: 127.0.0.1 - - [02/Jun/2025 05:38:49] "POST /web/dataset/call_kw/base.module.update/web_save HTTP/1.1" 200 - 5 0.005 0.024
2025-06-02 05:38:49,941 18752 INFO odoo_loi odoo.addons.base.models.ir_module: ALLOW access to module.update_list on [] to user emmanuellouisgonzaga@gmail.com #2 via 127.0.0.1 
2025-06-02 05:38:51,549 18752 INFO odoo_loi werkzeug: 127.0.0.1 - - [02/Jun/2025 05:38:51] "POST /web/dataset/call_button/base.module.update/update_module HTTP/1.1" 200 - 1589 0.520 1.098
2025-06-02 05:38:56,197 18752 INFO odoo_loi werkzeug: 127.0.0.1 - - [02/Jun/2025 05:38:56] "GET /odoo/apps?debug=1 HTTP/1.1" 200 - 14 0.007 0.029
2025-06-02 05:38:56,555 18752 INFO odoo_loi werkzeug: 127.0.0.1 - - [02/Jun/2025 05:38:56] "GET /web/image?model=res.users&field=avatar_128&id=2 HTTP/1.1" 304 - 9 0.017 0.053
2025-06-02 05:38:56,567 18752 INFO odoo_loi werkzeug: 127.0.0.1 - - [02/Jun/2025 05:38:56] "GET /bus/websocket_worker_bundle?v=18.0-5 HTTP/1.1" 304 - 3 0.014 0.049
2025-06-02 05:38:56,574 18752 INFO odoo_loi werkzeug: 127.0.0.1 - - [02/Jun/2025 05:38:56] "POST /web/action/load HTTP/1.1" 200 - 11 0.057 0.030
2025-06-02 05:38:56,617 18752 INFO odoo_loi werkzeug: 127.0.0.1 - - [02/Jun/2025 05:38:56] "GET /websocket?version=18.0-5 HTTP/1.1" 101 - 1 0.003 0.025
2025-06-02 05:38:56,663 18752 INFO odoo_loi werkzeug: 127.0.0.1 - - [02/Jun/2025 05:38:56] "POST /web/dataset/call_kw/ir.module.module/get_views HTTP/1.1" 200 - 2 0.008 0.059
2025-06-02 05:38:56,695 18752 INFO odoo_loi werkzeug: 127.0.0.1 - - [02/Jun/2025 05:38:56] "POST /mail/data HTTP/1.1" 200 - 28 0.075 0.089
2025-06-02 05:38:56,703 18752 INFO odoo_loi werkzeug: 127.0.0.1 - - [02/Jun/2025 05:38:56] "POST /web/dataset/call_kw/ir.module.module/search_panel_select_range HTTP/1.1" 200 - 1 0.001 0.020
2025-06-02 05:38:56,790 18752 INFO odoo_loi werkzeug: 127.0.0.1 - - [02/Jun/2025 05:38:56] "POST /web/dataset/call_kw/ir.module.module/search_panel_select_range HTTP/1.1" 200 - 52 0.046 0.058
2025-06-02 05:38:56,831 18752 INFO odoo_loi werkzeug: 127.0.0.1 - - [02/Jun/2025 05:38:56] "POST /web/dataset/call_kw/ir.module.module/web_search_read HTTP/1.1" 200 - 3 0.004 0.129
2025-06-02 05:38:57,269 18752 INFO odoo_loi werkzeug: 127.0.0.1 - - [02/Jun/2025 05:38:57] "GET /web/service-worker.js HTTP/1.1" 200 - 1 0.001 0.011
2025-06-02 05:39:01,892 2300 INFO ? odoo: Odoo version 18.0 
2025-06-02 05:39:01,893 2300 INFO ? odoo: Using configuration file at C:\Users\odvid\OneDrive\Desktop\python\odoo-18\odoo.conf 
2025-06-02 05:39:01,893 2300 INFO ? odoo: addons paths: ['C:\\Users\\odvid\\OneDrive\\Desktop\\python\\odoo-18\\odoo\\addons', 'c:\\users\\odvid\\appdata\\local\\openerp s.a\\odoo\\addons\\18.0', 'c:\\users\\odvid\\onedrive\\desktop\\python\\odoo-18\\addons', 'c:\\users\\odvid\\onedrive\\desktop\\python\\dtt_app\\apps', 'c:\\users\\odvid\\onedrive\\desktop\\python\\odoo-18\\odoo\\addons'] 
2025-06-02 05:39:01,893 2300 INFO ? odoo: database: odoo_dev@localhost:5432 
2025-06-02 05:39:02,184 2300 INFO ? odoo.addons.base.models.ir_actions_report: You need Wkhtmltopdf to print a pdf version of the reports. 
2025-06-02 05:39:02,195 2300 INFO ? odoo.addons.base.models.ir_actions_report: You need Wkhtmltoimage to generate images from html. 
2025-06-02 05:39:02,676 2300 INFO ? odoo.service.server: HTTP service (werkzeug) running on Chaerin:8069 
2025-06-02 05:39:09,776 2300 INFO ? odoo.modules.loading: loading 1 modules... 
2025-06-02 05:39:09,786 2300 INFO ? odoo.modules.loading: 1 modules loaded in 0.01s, 0 queries (+0 extra) 
2025-06-02 05:39:09,838 2300 WARNING ? odoo.modules.loading: Transient module states were reset 
2025-06-02 05:39:09,839 2300 ERROR ? odoo.modules.registry: Failed to load registry 
2025-06-02 05:39:09,839 2300 ERROR ? odoo.http: Exception during request handling. 
Traceback (most recent call last):
  File "C:\Users\odvid\OneDrive\Desktop\python\odoo-18\odoo\modules\registry.py", line 104, in __new__
    return cls.registries[db_name]
           ~~~~~~~~~~~~~~^^^^^^^^^
  File "c:\Users\odvid\OneDrive\Desktop\python\odoo-18\venv\Lib\site-packages\decorator.py", line 232, in fun
    return caller(func, *(extras + args), **kw)
           ^^^^^^^^^^^^^^^^^^^^^^^^^^^^^^^^^^^^
  File "C:\Users\odvid\OneDrive\Desktop\python\odoo-18\odoo\tools\func.py", line 97, in locked
    return func(inst, *args, **kwargs)
           ^^^^^^^^^^^^^^^^^^^^^^^^^^^
  File "C:\Users\odvid\OneDrive\Desktop\python\odoo-18\odoo\tools\lru.py", line 33, in __getitem__
    a = self.d[obj]
        ~~~~~~^^^^^
KeyError: 'odoo_loi'

During handling of the above exception, another exception occurred:

Traceback (most recent call last):
  File "C:\Users\odvid\OneDrive\Desktop\python\odoo-18\odoo\http.py", line 2386, in __call__
    response = request._serve_db()
               ^^^^^^^^^^^^^^^^^^^
  File "C:\Users\odvid\OneDrive\Desktop\python\odoo-18\odoo\http.py", line 1890, in _serve_db
    self.registry, cr_readwrite = self._open_registry()
                                  ^^^^^^^^^^^^^^^^^^^^^
  File "C:\Users\odvid\OneDrive\Desktop\python\odoo-18\odoo\http.py", line 1500, in _open_registry
    registry = Registry(self.db)
               ^^^^^^^^^^^^^^^^^
  File "C:\Users\odvid\OneDrive\Desktop\python\odoo-18\odoo\modules\registry.py", line 106, in __new__
    return cls.new(db_name)
           ^^^^^^^^^^^^^^^^
  File "c:\Users\odvid\OneDrive\Desktop\python\odoo-18\venv\Lib\site-packages\decorator.py", line 232, in fun
    return caller(func, *(extras + args), **kw)
           ^^^^^^^^^^^^^^^^^^^^^^^^^^^^^^^^^^^^
  File "C:\Users\odvid\OneDrive\Desktop\python\odoo-18\odoo\tools\func.py", line 97, in locked
    return func(inst, *args, **kwargs)
           ^^^^^^^^^^^^^^^^^^^^^^^^^^^
  File "C:\Users\odvid\OneDrive\Desktop\python\odoo-18\odoo\modules\registry.py", line 127, in new
    odoo.modules.load_modules(registry, force_demo, status, update_module)
  File "C:\Users\odvid\OneDrive\Desktop\python\odoo-18\odoo\modules\loading.py", line 480, in load_modules
    processed_modules += load_marked_modules(env, graph,
                         ^^^^^^^^^^^^^^^^^^^^^^^^^^^^^^^
  File "C:\Users\odvid\OneDrive\Desktop\python\odoo-18\odoo\modules\loading.py", line 363, in load_marked_modules
    graph.add_modules(env.cr, module_list, force)
  File "C:\Users\odvid\OneDrive\Desktop\python\odoo-18\odoo\modules\graph.py", line 71, in add_modules
    info = odoo.modules.module.get_manifest(module)
           ^^^^^^^^^^^^^^^^^^^^^^^^^^^^^^^^^^^^^^^^
  File "C:\Users\odvid\OneDrive\Desktop\python\odoo-18\odoo\modules\module.py", line 363, in get_manifest
    return copy.deepcopy(_get_manifest_cached(module, mod_path))
                         ^^^^^^^^^^^^^^^^^^^^^^^^^^^^^^^^^^^^^^
  File "C:\Users\odvid\OneDrive\Desktop\python\odoo-18\odoo\modules\module.py", line 367, in _get_manifest_cached
    return load_manifest(module, mod_path)
           ^^^^^^^^^^^^^^^^^^^^^^^^^^^^^^^
  File "C:\Users\odvid\OneDrive\Desktop\python\odoo-18\odoo\modules\module.py", line 313, in load_manifest
    manifest.update(ast.literal_eval(f.read()))
                    ^^^^^^^^^^^^^^^^^^^^^^^^^^
  File "C:\Users\odvid\OneDrive\Desktop\python\odoo-18\odoo\_monkeypatches\literal_eval.py", line 28, in literal_eval
    return orig_literal_eval(expr)
           ^^^^^^^^^^^^^^^^^^^^^^^
  File "C:\Users\odvid\AppData\Local\Programs\Python\Python311\Lib\ast.py", line 64, in literal_eval
    node_or_string = parse(node_or_string.lstrip(" \t"), mode='eval')
                     ^^^^^^^^^^^^^^^^^^^^^^^^^^^^^^^^^^^^^^^^^^^^^^^^
  File "C:\Users\odvid\AppData\Local\Programs\Python\Python311\Lib\ast.py", line 50, in parse
    return compile(source, filename, mode, flags,
           ^^^^^^^^^^^^^^^^^^^^^^^^^^^^^^^^^^^^^^
  File "<unknown>", line 6
    'description': """ From students administration to exam, this covers all aspects of college administration """
                 ^
SyntaxError: invalid syntax
2025-06-02 05:39:09,919 2300 INFO ? werkzeug: 127.0.0.1 - - [02/Jun/2025 05:39:09] "GET /websocket?version=18.0-5 HTTP/1.1" 500 - 11 0.028 0.181
2025-06-02 05:39:18,581 2300 INFO ? odoo.modules.loading: loading 1 modules... 
2025-06-02 05:39:18,590 2300 INFO ? odoo.modules.loading: 1 modules loaded in 0.01s, 0 queries (+0 extra) 
2025-06-02 05:39:18,596 2300 WARNING ? odoo.modules.loading: Transient module states were reset 
2025-06-02 05:39:18,596 2300 ERROR ? odoo.modules.registry: Failed to load registry 
2025-06-02 05:39:18,596 2300 ERROR ? odoo.http: Exception during request handling. 
Traceback (most recent call last):
  File "C:\Users\odvid\OneDrive\Desktop\python\odoo-18\odoo\modules\registry.py", line 104, in __new__
    return cls.registries[db_name]
           ~~~~~~~~~~~~~~^^^^^^^^^
  File "c:\Users\odvid\OneDrive\Desktop\python\odoo-18\venv\Lib\site-packages\decorator.py", line 232, in fun
    return caller(func, *(extras + args), **kw)
           ^^^^^^^^^^^^^^^^^^^^^^^^^^^^^^^^^^^^
  File "C:\Users\odvid\OneDrive\Desktop\python\odoo-18\odoo\tools\func.py", line 97, in locked
    return func(inst, *args, **kwargs)
           ^^^^^^^^^^^^^^^^^^^^^^^^^^^
  File "C:\Users\odvid\OneDrive\Desktop\python\odoo-18\odoo\tools\lru.py", line 33, in __getitem__
    a = self.d[obj]
        ~~~~~~^^^^^
KeyError: 'odoo_loi'

During handling of the above exception, another exception occurred:

Traceback (most recent call last):
  File "C:\Users\odvid\OneDrive\Desktop\python\odoo-18\odoo\http.py", line 2386, in __call__
    response = request._serve_db()
               ^^^^^^^^^^^^^^^^^^^
  File "C:\Users\odvid\OneDrive\Desktop\python\odoo-18\odoo\http.py", line 1890, in _serve_db
    self.registry, cr_readwrite = self._open_registry()
                                  ^^^^^^^^^^^^^^^^^^^^^
  File "C:\Users\odvid\OneDrive\Desktop\python\odoo-18\odoo\http.py", line 1500, in _open_registry
    registry = Registry(self.db)
               ^^^^^^^^^^^^^^^^^
  File "C:\Users\odvid\OneDrive\Desktop\python\odoo-18\odoo\modules\registry.py", line 106, in __new__
    return cls.new(db_name)
           ^^^^^^^^^^^^^^^^
  File "c:\Users\odvid\OneDrive\Desktop\python\odoo-18\venv\Lib\site-packages\decorator.py", line 232, in fun
    return caller(func, *(extras + args), **kw)
           ^^^^^^^^^^^^^^^^^^^^^^^^^^^^^^^^^^^^
  File "C:\Users\odvid\OneDrive\Desktop\python\odoo-18\odoo\tools\func.py", line 97, in locked
    return func(inst, *args, **kwargs)
           ^^^^^^^^^^^^^^^^^^^^^^^^^^^
  File "C:\Users\odvid\OneDrive\Desktop\python\odoo-18\odoo\modules\registry.py", line 127, in new
    odoo.modules.load_modules(registry, force_demo, status, update_module)
  File "C:\Users\odvid\OneDrive\Desktop\python\odoo-18\odoo\modules\loading.py", line 480, in load_modules
    processed_modules += load_marked_modules(env, graph,
                         ^^^^^^^^^^^^^^^^^^^^^^^^^^^^^^^
  File "C:\Users\odvid\OneDrive\Desktop\python\odoo-18\odoo\modules\loading.py", line 363, in load_marked_modules
    graph.add_modules(env.cr, module_list, force)
  File "C:\Users\odvid\OneDrive\Desktop\python\odoo-18\odoo\modules\graph.py", line 71, in add_modules
    info = odoo.modules.module.get_manifest(module)
           ^^^^^^^^^^^^^^^^^^^^^^^^^^^^^^^^^^^^^^^^
  File "C:\Users\odvid\OneDrive\Desktop\python\odoo-18\odoo\modules\module.py", line 363, in get_manifest
    return copy.deepcopy(_get_manifest_cached(module, mod_path))
                         ^^^^^^^^^^^^^^^^^^^^^^^^^^^^^^^^^^^^^^
  File "C:\Users\odvid\OneDrive\Desktop\python\odoo-18\odoo\modules\module.py", line 367, in _get_manifest_cached
    return load_manifest(module, mod_path)
           ^^^^^^^^^^^^^^^^^^^^^^^^^^^^^^^
  File "C:\Users\odvid\OneDrive\Desktop\python\odoo-18\odoo\modules\module.py", line 313, in load_manifest
    manifest.update(ast.literal_eval(f.read()))
                    ^^^^^^^^^^^^^^^^^^^^^^^^^^
  File "C:\Users\odvid\OneDrive\Desktop\python\odoo-18\odoo\_monkeypatches\literal_eval.py", line 28, in literal_eval
    return orig_literal_eval(expr)
           ^^^^^^^^^^^^^^^^^^^^^^^
  File "C:\Users\odvid\AppData\Local\Programs\Python\Python311\Lib\ast.py", line 64, in literal_eval
    node_or_string = parse(node_or_string.lstrip(" \t"), mode='eval')
                     ^^^^^^^^^^^^^^^^^^^^^^^^^^^^^^^^^^^^^^^^^^^^^^^^
  File "C:\Users\odvid\AppData\Local\Programs\Python\Python311\Lib\ast.py", line 50, in parse
    return compile(source, filename, mode, flags,
           ^^^^^^^^^^^^^^^^^^^^^^^^^^^^^^^^^^^^^^
  File "<unknown>", line 6
    'description': """ From students administration to exam, this covers all aspects of college administration """
                 ^
SyntaxError: invalid syntax
2025-06-02 05:39:18,598 2300 INFO ? werkzeug: 127.0.0.1 - - [02/Jun/2025 05:39:18] "GET /websocket?version=18.0-5 HTTP/1.1" 500 - 11 0.005 0.020
2025-06-02 05:39:32,805 2300 INFO ? odoo.modules.loading: loading 1 modules... 
2025-06-02 05:39:32,816 2300 INFO ? odoo.modules.loading: 1 modules loaded in 0.01s, 0 queries (+0 extra) 
2025-06-02 05:39:32,820 2300 WARNING ? odoo.modules.loading: Transient module states were reset 
2025-06-02 05:39:32,821 2300 ERROR ? odoo.modules.registry: Failed to load registry 
2025-06-02 05:39:32,821 2300 ERROR ? odoo.http: Exception during request handling. 
Traceback (most recent call last):
  File "C:\Users\odvid\OneDrive\Desktop\python\odoo-18\odoo\modules\registry.py", line 104, in __new__
    return cls.registries[db_name]
           ~~~~~~~~~~~~~~^^^^^^^^^
  File "c:\Users\odvid\OneDrive\Desktop\python\odoo-18\venv\Lib\site-packages\decorator.py", line 232, in fun
    return caller(func, *(extras + args), **kw)
           ^^^^^^^^^^^^^^^^^^^^^^^^^^^^^^^^^^^^
  File "C:\Users\odvid\OneDrive\Desktop\python\odoo-18\odoo\tools\func.py", line 97, in locked
    return func(inst, *args, **kwargs)
           ^^^^^^^^^^^^^^^^^^^^^^^^^^^
  File "C:\Users\odvid\OneDrive\Desktop\python\odoo-18\odoo\tools\lru.py", line 33, in __getitem__
    a = self.d[obj]
        ~~~~~~^^^^^
KeyError: 'odoo_loi'

During handling of the above exception, another exception occurred:

Traceback (most recent call last):
  File "C:\Users\odvid\OneDrive\Desktop\python\odoo-18\odoo\http.py", line 2386, in __call__
    response = request._serve_db()
               ^^^^^^^^^^^^^^^^^^^
  File "C:\Users\odvid\OneDrive\Desktop\python\odoo-18\odoo\http.py", line 1890, in _serve_db
    self.registry, cr_readwrite = self._open_registry()
                                  ^^^^^^^^^^^^^^^^^^^^^
  File "C:\Users\odvid\OneDrive\Desktop\python\odoo-18\odoo\http.py", line 1500, in _open_registry
    registry = Registry(self.db)
               ^^^^^^^^^^^^^^^^^
  File "C:\Users\odvid\OneDrive\Desktop\python\odoo-18\odoo\modules\registry.py", line 106, in __new__
    return cls.new(db_name)
           ^^^^^^^^^^^^^^^^
  File "c:\Users\odvid\OneDrive\Desktop\python\odoo-18\venv\Lib\site-packages\decorator.py", line 232, in fun
    return caller(func, *(extras + args), **kw)
           ^^^^^^^^^^^^^^^^^^^^^^^^^^^^^^^^^^^^
  File "C:\Users\odvid\OneDrive\Desktop\python\odoo-18\odoo\tools\func.py", line 97, in locked
    return func(inst, *args, **kwargs)
           ^^^^^^^^^^^^^^^^^^^^^^^^^^^
  File "C:\Users\odvid\OneDrive\Desktop\python\odoo-18\odoo\modules\registry.py", line 127, in new
    odoo.modules.load_modules(registry, force_demo, status, update_module)
  File "C:\Users\odvid\OneDrive\Desktop\python\odoo-18\odoo\modules\loading.py", line 480, in load_modules
    processed_modules += load_marked_modules(env, graph,
                         ^^^^^^^^^^^^^^^^^^^^^^^^^^^^^^^
  File "C:\Users\odvid\OneDrive\Desktop\python\odoo-18\odoo\modules\loading.py", line 363, in load_marked_modules
    graph.add_modules(env.cr, module_list, force)
  File "C:\Users\odvid\OneDrive\Desktop\python\odoo-18\odoo\modules\graph.py", line 71, in add_modules
    info = odoo.modules.module.get_manifest(module)
           ^^^^^^^^^^^^^^^^^^^^^^^^^^^^^^^^^^^^^^^^
  File "C:\Users\odvid\OneDrive\Desktop\python\odoo-18\odoo\modules\module.py", line 363, in get_manifest
    return copy.deepcopy(_get_manifest_cached(module, mod_path))
                         ^^^^^^^^^^^^^^^^^^^^^^^^^^^^^^^^^^^^^^
  File "C:\Users\odvid\OneDrive\Desktop\python\odoo-18\odoo\modules\module.py", line 367, in _get_manifest_cached
    return load_manifest(module, mod_path)
           ^^^^^^^^^^^^^^^^^^^^^^^^^^^^^^^
  File "C:\Users\odvid\OneDrive\Desktop\python\odoo-18\odoo\modules\module.py", line 313, in load_manifest
    manifest.update(ast.literal_eval(f.read()))
                    ^^^^^^^^^^^^^^^^^^^^^^^^^^
  File "C:\Users\odvid\OneDrive\Desktop\python\odoo-18\odoo\_monkeypatches\literal_eval.py", line 28, in literal_eval
    return orig_literal_eval(expr)
           ^^^^^^^^^^^^^^^^^^^^^^^
  File "C:\Users\odvid\AppData\Local\Programs\Python\Python311\Lib\ast.py", line 64, in literal_eval
    node_or_string = parse(node_or_string.lstrip(" \t"), mode='eval')
                     ^^^^^^^^^^^^^^^^^^^^^^^^^^^^^^^^^^^^^^^^^^^^^^^^
  File "C:\Users\odvid\AppData\Local\Programs\Python\Python311\Lib\ast.py", line 50, in parse
    return compile(source, filename, mode, flags,
           ^^^^^^^^^^^^^^^^^^^^^^^^^^^^^^^^^^^^^^
  File "<unknown>", line 6
    'description': """ From students administration to exam, this covers all aspects of college administration """
                 ^
SyntaxError: invalid syntax
2025-06-02 05:39:32,824 2300 INFO ? werkzeug: 127.0.0.1 - - [02/Jun/2025 05:39:32] "GET /websocket?version=18.0-5 HTTP/1.1" 500 - 11 0.004 0.022
2025-06-02 05:39:49,232 10676 INFO ? odoo: Odoo version 18.0 
2025-06-02 05:39:49,232 10676 INFO ? odoo: Using configuration file at C:\Users\odvid\OneDrive\Desktop\python\odoo-18\odoo.conf 
2025-06-02 05:39:49,232 10676 INFO ? odoo: addons paths: ['C:\\Users\\odvid\\OneDrive\\Desktop\\python\\odoo-18\\odoo\\addons', 'c:\\users\\odvid\\appdata\\local\\openerp s.a\\odoo\\addons\\18.0', 'c:\\users\\odvid\\onedrive\\desktop\\python\\odoo-18\\addons', 'c:\\users\\odvid\\onedrive\\desktop\\python\\dtt_app\\apps', 'c:\\users\\odvid\\onedrive\\desktop\\python\\odoo-18\\odoo\\addons'] 
2025-06-02 05:39:49,233 10676 INFO ? odoo: database: odoo_dev@localhost:5432 
2025-06-02 05:39:49,523 10676 INFO ? odoo.addons.base.models.ir_actions_report: You need Wkhtmltopdf to print a pdf version of the reports. 
2025-06-02 05:39:49,533 10676 INFO ? odoo.addons.base.models.ir_actions_report: You need Wkhtmltoimage to generate images from html. 
2025-06-02 05:39:50,030 10676 INFO ? odoo.service.server: HTTP service (werkzeug) running on Chaerin:8069 
2025-06-02 05:39:50,182 10676 INFO ? odoo.modules.loading: loading 1 modules... 
2025-06-02 05:39:50,192 10676 INFO ? odoo.modules.loading: 1 modules loaded in 0.01s, 0 queries (+0 extra) 
2025-06-02 05:39:50,217 10676 WARNING ? odoo.modules.loading: Transient module states were reset 
2025-06-02 05:39:50,218 10676 ERROR ? odoo.modules.registry: Failed to load registry 
2025-06-02 05:39:50,218 10676 ERROR ? odoo.http: Exception during request handling. 
Traceback (most recent call last):
  File "C:\Users\odvid\OneDrive\Desktop\python\odoo-18\odoo\modules\registry.py", line 104, in __new__
    return cls.registries[db_name]
           ~~~~~~~~~~~~~~^^^^^^^^^
  File "c:\Users\odvid\OneDrive\Desktop\python\odoo-18\venv\Lib\site-packages\decorator.py", line 232, in fun
    return caller(func, *(extras + args), **kw)
           ^^^^^^^^^^^^^^^^^^^^^^^^^^^^^^^^^^^^
  File "C:\Users\odvid\OneDrive\Desktop\python\odoo-18\odoo\tools\func.py", line 97, in locked
    return func(inst, *args, **kwargs)
           ^^^^^^^^^^^^^^^^^^^^^^^^^^^
  File "C:\Users\odvid\OneDrive\Desktop\python\odoo-18\odoo\tools\lru.py", line 33, in __getitem__
    a = self.d[obj]
        ~~~~~~^^^^^
KeyError: 'odoo_loi'

During handling of the above exception, another exception occurred:

Traceback (most recent call last):
  File "C:\Users\odvid\OneDrive\Desktop\python\odoo-18\odoo\http.py", line 2386, in __call__
    response = request._serve_db()
               ^^^^^^^^^^^^^^^^^^^
  File "C:\Users\odvid\OneDrive\Desktop\python\odoo-18\odoo\http.py", line 1890, in _serve_db
    self.registry, cr_readwrite = self._open_registry()
                                  ^^^^^^^^^^^^^^^^^^^^^
  File "C:\Users\odvid\OneDrive\Desktop\python\odoo-18\odoo\http.py", line 1500, in _open_registry
    registry = Registry(self.db)
               ^^^^^^^^^^^^^^^^^
  File "C:\Users\odvid\OneDrive\Desktop\python\odoo-18\odoo\modules\registry.py", line 106, in __new__
    return cls.new(db_name)
           ^^^^^^^^^^^^^^^^
  File "c:\Users\odvid\OneDrive\Desktop\python\odoo-18\venv\Lib\site-packages\decorator.py", line 232, in fun
    return caller(func, *(extras + args), **kw)
           ^^^^^^^^^^^^^^^^^^^^^^^^^^^^^^^^^^^^
  File "C:\Users\odvid\OneDrive\Desktop\python\odoo-18\odoo\tools\func.py", line 97, in locked
    return func(inst, *args, **kwargs)
           ^^^^^^^^^^^^^^^^^^^^^^^^^^^
  File "C:\Users\odvid\OneDrive\Desktop\python\odoo-18\odoo\modules\registry.py", line 127, in new
    odoo.modules.load_modules(registry, force_demo, status, update_module)
  File "C:\Users\odvid\OneDrive\Desktop\python\odoo-18\odoo\modules\loading.py", line 480, in load_modules
    processed_modules += load_marked_modules(env, graph,
                         ^^^^^^^^^^^^^^^^^^^^^^^^^^^^^^^
  File "C:\Users\odvid\OneDrive\Desktop\python\odoo-18\odoo\modules\loading.py", line 363, in load_marked_modules
    graph.add_modules(env.cr, module_list, force)
  File "C:\Users\odvid\OneDrive\Desktop\python\odoo-18\odoo\modules\graph.py", line 71, in add_modules
    info = odoo.modules.module.get_manifest(module)
           ^^^^^^^^^^^^^^^^^^^^^^^^^^^^^^^^^^^^^^^^
  File "C:\Users\odvid\OneDrive\Desktop\python\odoo-18\odoo\modules\module.py", line 363, in get_manifest
    return copy.deepcopy(_get_manifest_cached(module, mod_path))
                         ^^^^^^^^^^^^^^^^^^^^^^^^^^^^^^^^^^^^^^
  File "C:\Users\odvid\OneDrive\Desktop\python\odoo-18\odoo\modules\module.py", line 367, in _get_manifest_cached
    return load_manifest(module, mod_path)
           ^^^^^^^^^^^^^^^^^^^^^^^^^^^^^^^
  File "C:\Users\odvid\OneDrive\Desktop\python\odoo-18\odoo\modules\module.py", line 313, in load_manifest
    manifest.update(ast.literal_eval(f.read()))
                    ^^^^^^^^^^^^^^^^^^^^^^^^^^
  File "C:\Users\odvid\OneDrive\Desktop\python\odoo-18\odoo\_monkeypatches\literal_eval.py", line 28, in literal_eval
    return orig_literal_eval(expr)
           ^^^^^^^^^^^^^^^^^^^^^^^
  File "C:\Users\odvid\AppData\Local\Programs\Python\Python311\Lib\ast.py", line 64, in literal_eval
    node_or_string = parse(node_or_string.lstrip(" \t"), mode='eval')
                     ^^^^^^^^^^^^^^^^^^^^^^^^^^^^^^^^^^^^^^^^^^^^^^^^
  File "C:\Users\odvid\AppData\Local\Programs\Python\Python311\Lib\ast.py", line 50, in parse
    return compile(source, filename, mode, flags,
           ^^^^^^^^^^^^^^^^^^^^^^^^^^^^^^^^^^^^^^
  File "<unknown>", line 6
    'description': """ From students administration to exam, this covers all aspects of college administration """,
                 ^
SyntaxError: invalid syntax
2025-06-02 05:39:50,227 10676 INFO ? werkzeug: 127.0.0.1 - - [02/Jun/2025 05:39:50] "GET /odoo/apps?debug=1 HTTP/1.1" 500 - 11 0.024 0.091
2025-06-02 05:39:50,338 10676 INFO ? odoo.modules.loading: loading 1 modules... 
2025-06-02 05:39:50,347 10676 INFO ? odoo.modules.loading: 1 modules loaded in 0.01s, 0 queries (+0 extra) 
2025-06-02 05:39:50,354 10676 WARNING ? odoo.modules.loading: Transient module states were reset 
2025-06-02 05:39:50,355 10676 ERROR ? odoo.modules.registry: Failed to load registry 
2025-06-02 05:39:50,355 10676 ERROR ? odoo.http: Exception during request handling. 
Traceback (most recent call last):
  File "C:\Users\odvid\OneDrive\Desktop\python\odoo-18\odoo\modules\registry.py", line 104, in __new__
    return cls.registries[db_name]
           ~~~~~~~~~~~~~~^^^^^^^^^
  File "c:\Users\odvid\OneDrive\Desktop\python\odoo-18\venv\Lib\site-packages\decorator.py", line 232, in fun
    return caller(func, *(extras + args), **kw)
           ^^^^^^^^^^^^^^^^^^^^^^^^^^^^^^^^^^^^
  File "C:\Users\odvid\OneDrive\Desktop\python\odoo-18\odoo\tools\func.py", line 97, in locked
    return func(inst, *args, **kwargs)
           ^^^^^^^^^^^^^^^^^^^^^^^^^^^
  File "C:\Users\odvid\OneDrive\Desktop\python\odoo-18\odoo\tools\lru.py", line 33, in __getitem__
    a = self.d[obj]
        ~~~~~~^^^^^
KeyError: 'odoo_loi'

During handling of the above exception, another exception occurred:

Traceback (most recent call last):
  File "C:\Users\odvid\OneDrive\Desktop\python\odoo-18\odoo\http.py", line 2386, in __call__
    response = request._serve_db()
               ^^^^^^^^^^^^^^^^^^^
  File "C:\Users\odvid\OneDrive\Desktop\python\odoo-18\odoo\http.py", line 1890, in _serve_db
    self.registry, cr_readwrite = self._open_registry()
                                  ^^^^^^^^^^^^^^^^^^^^^
  File "C:\Users\odvid\OneDrive\Desktop\python\odoo-18\odoo\http.py", line 1500, in _open_registry
    registry = Registry(self.db)
               ^^^^^^^^^^^^^^^^^
  File "C:\Users\odvid\OneDrive\Desktop\python\odoo-18\odoo\modules\registry.py", line 106, in __new__
    return cls.new(db_name)
           ^^^^^^^^^^^^^^^^
  File "c:\Users\odvid\OneDrive\Desktop\python\odoo-18\venv\Lib\site-packages\decorator.py", line 232, in fun
    return caller(func, *(extras + args), **kw)
           ^^^^^^^^^^^^^^^^^^^^^^^^^^^^^^^^^^^^
  File "C:\Users\odvid\OneDrive\Desktop\python\odoo-18\odoo\tools\func.py", line 97, in locked
    return func(inst, *args, **kwargs)
           ^^^^^^^^^^^^^^^^^^^^^^^^^^^
  File "C:\Users\odvid\OneDrive\Desktop\python\odoo-18\odoo\modules\registry.py", line 127, in new
    odoo.modules.load_modules(registry, force_demo, status, update_module)
  File "C:\Users\odvid\OneDrive\Desktop\python\odoo-18\odoo\modules\loading.py", line 480, in load_modules
    processed_modules += load_marked_modules(env, graph,
                         ^^^^^^^^^^^^^^^^^^^^^^^^^^^^^^^
  File "C:\Users\odvid\OneDrive\Desktop\python\odoo-18\odoo\modules\loading.py", line 363, in load_marked_modules
    graph.add_modules(env.cr, module_list, force)
  File "C:\Users\odvid\OneDrive\Desktop\python\odoo-18\odoo\modules\graph.py", line 71, in add_modules
    info = odoo.modules.module.get_manifest(module)
           ^^^^^^^^^^^^^^^^^^^^^^^^^^^^^^^^^^^^^^^^
  File "C:\Users\odvid\OneDrive\Desktop\python\odoo-18\odoo\modules\module.py", line 363, in get_manifest
    return copy.deepcopy(_get_manifest_cached(module, mod_path))
                         ^^^^^^^^^^^^^^^^^^^^^^^^^^^^^^^^^^^^^^
  File "C:\Users\odvid\OneDrive\Desktop\python\odoo-18\odoo\modules\module.py", line 367, in _get_manifest_cached
    return load_manifest(module, mod_path)
           ^^^^^^^^^^^^^^^^^^^^^^^^^^^^^^^
  File "C:\Users\odvid\OneDrive\Desktop\python\odoo-18\odoo\modules\module.py", line 313, in load_manifest
    manifest.update(ast.literal_eval(f.read()))
                    ^^^^^^^^^^^^^^^^^^^^^^^^^^
  File "C:\Users\odvid\OneDrive\Desktop\python\odoo-18\odoo\_monkeypatches\literal_eval.py", line 28, in literal_eval
    return orig_literal_eval(expr)
           ^^^^^^^^^^^^^^^^^^^^^^^
  File "C:\Users\odvid\AppData\Local\Programs\Python\Python311\Lib\ast.py", line 64, in literal_eval
    node_or_string = parse(node_or_string.lstrip(" \t"), mode='eval')
                     ^^^^^^^^^^^^^^^^^^^^^^^^^^^^^^^^^^^^^^^^^^^^^^^^
  File "C:\Users\odvid\AppData\Local\Programs\Python\Python311\Lib\ast.py", line 50, in parse
    return compile(source, filename, mode, flags,
           ^^^^^^^^^^^^^^^^^^^^^^^^^^^^^^^^^^^^^^
  File "<unknown>", line 6
    'description': """ From students administration to exam, this covers all aspects of college administration """,
                 ^
SyntaxError: invalid syntax
2025-06-02 05:39:50,359 10676 INFO ? werkzeug: 127.0.0.1 - - [02/Jun/2025 05:39:50] "GET /favicon.ico HTTP/1.1" 500 - 11 0.005 0.025
2025-06-02 05:39:51,261 10676 INFO ? odoo.modules.loading: loading 1 modules... 
2025-06-02 05:39:51,270 10676 INFO ? odoo.modules.loading: 1 modules loaded in 0.01s, 0 queries (+0 extra) 
2025-06-02 05:39:51,276 10676 WARNING ? odoo.modules.loading: Transient module states were reset 
2025-06-02 05:39:51,276 10676 ERROR ? odoo.modules.registry: Failed to load registry 
2025-06-02 05:39:51,276 10676 ERROR ? odoo.http: Exception during request handling. 
Traceback (most recent call last):
  File "C:\Users\odvid\OneDrive\Desktop\python\odoo-18\odoo\modules\registry.py", line 104, in __new__
    return cls.registries[db_name]
           ~~~~~~~~~~~~~~^^^^^^^^^
  File "c:\Users\odvid\OneDrive\Desktop\python\odoo-18\venv\Lib\site-packages\decorator.py", line 232, in fun
    return caller(func, *(extras + args), **kw)
           ^^^^^^^^^^^^^^^^^^^^^^^^^^^^^^^^^^^^
  File "C:\Users\odvid\OneDrive\Desktop\python\odoo-18\odoo\tools\func.py", line 97, in locked
    return func(inst, *args, **kwargs)
           ^^^^^^^^^^^^^^^^^^^^^^^^^^^
  File "C:\Users\odvid\OneDrive\Desktop\python\odoo-18\odoo\tools\lru.py", line 33, in __getitem__
    a = self.d[obj]
        ~~~~~~^^^^^
KeyError: 'odoo_loi'

During handling of the above exception, another exception occurred:

Traceback (most recent call last):
  File "C:\Users\odvid\OneDrive\Desktop\python\odoo-18\odoo\http.py", line 2386, in __call__
    response = request._serve_db()
               ^^^^^^^^^^^^^^^^^^^
  File "C:\Users\odvid\OneDrive\Desktop\python\odoo-18\odoo\http.py", line 1890, in _serve_db
    self.registry, cr_readwrite = self._open_registry()
                                  ^^^^^^^^^^^^^^^^^^^^^
  File "C:\Users\odvid\OneDrive\Desktop\python\odoo-18\odoo\http.py", line 1500, in _open_registry
    registry = Registry(self.db)
               ^^^^^^^^^^^^^^^^^
  File "C:\Users\odvid\OneDrive\Desktop\python\odoo-18\odoo\modules\registry.py", line 106, in __new__
    return cls.new(db_name)
           ^^^^^^^^^^^^^^^^
  File "c:\Users\odvid\OneDrive\Desktop\python\odoo-18\venv\Lib\site-packages\decorator.py", line 232, in fun
    return caller(func, *(extras + args), **kw)
           ^^^^^^^^^^^^^^^^^^^^^^^^^^^^^^^^^^^^
  File "C:\Users\odvid\OneDrive\Desktop\python\odoo-18\odoo\tools\func.py", line 97, in locked
    return func(inst, *args, **kwargs)
           ^^^^^^^^^^^^^^^^^^^^^^^^^^^
  File "C:\Users\odvid\OneDrive\Desktop\python\odoo-18\odoo\modules\registry.py", line 127, in new
    odoo.modules.load_modules(registry, force_demo, status, update_module)
  File "C:\Users\odvid\OneDrive\Desktop\python\odoo-18\odoo\modules\loading.py", line 480, in load_modules
    processed_modules += load_marked_modules(env, graph,
                         ^^^^^^^^^^^^^^^^^^^^^^^^^^^^^^^
  File "C:\Users\odvid\OneDrive\Desktop\python\odoo-18\odoo\modules\loading.py", line 363, in load_marked_modules
    graph.add_modules(env.cr, module_list, force)
  File "C:\Users\odvid\OneDrive\Desktop\python\odoo-18\odoo\modules\graph.py", line 71, in add_modules
    info = odoo.modules.module.get_manifest(module)
           ^^^^^^^^^^^^^^^^^^^^^^^^^^^^^^^^^^^^^^^^
  File "C:\Users\odvid\OneDrive\Desktop\python\odoo-18\odoo\modules\module.py", line 363, in get_manifest
    return copy.deepcopy(_get_manifest_cached(module, mod_path))
                         ^^^^^^^^^^^^^^^^^^^^^^^^^^^^^^^^^^^^^^
  File "C:\Users\odvid\OneDrive\Desktop\python\odoo-18\odoo\modules\module.py", line 367, in _get_manifest_cached
    return load_manifest(module, mod_path)
           ^^^^^^^^^^^^^^^^^^^^^^^^^^^^^^^
  File "C:\Users\odvid\OneDrive\Desktop\python\odoo-18\odoo\modules\module.py", line 313, in load_manifest
    manifest.update(ast.literal_eval(f.read()))
                    ^^^^^^^^^^^^^^^^^^^^^^^^^^
  File "C:\Users\odvid\OneDrive\Desktop\python\odoo-18\odoo\_monkeypatches\literal_eval.py", line 28, in literal_eval
    return orig_literal_eval(expr)
           ^^^^^^^^^^^^^^^^^^^^^^^
  File "C:\Users\odvid\AppData\Local\Programs\Python\Python311\Lib\ast.py", line 64, in literal_eval
    node_or_string = parse(node_or_string.lstrip(" \t"), mode='eval')
                     ^^^^^^^^^^^^^^^^^^^^^^^^^^^^^^^^^^^^^^^^^^^^^^^^
  File "C:\Users\odvid\AppData\Local\Programs\Python\Python311\Lib\ast.py", line 50, in parse
    return compile(source, filename, mode, flags,
           ^^^^^^^^^^^^^^^^^^^^^^^^^^^^^^^^^^^^^^
  File "<unknown>", line 6
    'description': """ From students administration to exam, this covers all aspects of college administration """,
                 ^
SyntaxError: invalid syntax
2025-06-02 05:39:51,279 10676 INFO ? werkzeug: 127.0.0.1 - - [02/Jun/2025 05:39:51] "GET /web/service-worker.js HTTP/1.1" 500 - 11 0.007 0.020
2025-06-02 05:39:54,939 10676 INFO ? odoo.modules.loading: loading 1 modules... 
2025-06-02 05:39:54,949 10676 INFO ? odoo.modules.loading: 1 modules loaded in 0.01s, 0 queries (+0 extra) 
2025-06-02 05:39:54,956 10676 WARNING ? odoo.modules.loading: Transient module states were reset 
2025-06-02 05:39:54,956 10676 ERROR ? odoo.modules.registry: Failed to load registry 
2025-06-02 05:39:54,956 10676 ERROR ? odoo.http: Exception during request handling. 
Traceback (most recent call last):
  File "C:\Users\odvid\OneDrive\Desktop\python\odoo-18\odoo\modules\registry.py", line 104, in __new__
    return cls.registries[db_name]
           ~~~~~~~~~~~~~~^^^^^^^^^
  File "c:\Users\odvid\OneDrive\Desktop\python\odoo-18\venv\Lib\site-packages\decorator.py", line 232, in fun
    return caller(func, *(extras + args), **kw)
           ^^^^^^^^^^^^^^^^^^^^^^^^^^^^^^^^^^^^
  File "C:\Users\odvid\OneDrive\Desktop\python\odoo-18\odoo\tools\func.py", line 97, in locked
    return func(inst, *args, **kwargs)
           ^^^^^^^^^^^^^^^^^^^^^^^^^^^
  File "C:\Users\odvid\OneDrive\Desktop\python\odoo-18\odoo\tools\lru.py", line 33, in __getitem__
    a = self.d[obj]
        ~~~~~~^^^^^
KeyError: 'odoo_loi'

During handling of the above exception, another exception occurred:

Traceback (most recent call last):
  File "C:\Users\odvid\OneDrive\Desktop\python\odoo-18\odoo\http.py", line 2386, in __call__
    response = request._serve_db()
               ^^^^^^^^^^^^^^^^^^^
  File "C:\Users\odvid\OneDrive\Desktop\python\odoo-18\odoo\http.py", line 1890, in _serve_db
    self.registry, cr_readwrite = self._open_registry()
                                  ^^^^^^^^^^^^^^^^^^^^^
  File "C:\Users\odvid\OneDrive\Desktop\python\odoo-18\odoo\http.py", line 1500, in _open_registry
    registry = Registry(self.db)
               ^^^^^^^^^^^^^^^^^
  File "C:\Users\odvid\OneDrive\Desktop\python\odoo-18\odoo\modules\registry.py", line 106, in __new__
    return cls.new(db_name)
           ^^^^^^^^^^^^^^^^
  File "c:\Users\odvid\OneDrive\Desktop\python\odoo-18\venv\Lib\site-packages\decorator.py", line 232, in fun
    return caller(func, *(extras + args), **kw)
           ^^^^^^^^^^^^^^^^^^^^^^^^^^^^^^^^^^^^
  File "C:\Users\odvid\OneDrive\Desktop\python\odoo-18\odoo\tools\func.py", line 97, in locked
    return func(inst, *args, **kwargs)
           ^^^^^^^^^^^^^^^^^^^^^^^^^^^
  File "C:\Users\odvid\OneDrive\Desktop\python\odoo-18\odoo\modules\registry.py", line 127, in new
    odoo.modules.load_modules(registry, force_demo, status, update_module)
  File "C:\Users\odvid\OneDrive\Desktop\python\odoo-18\odoo\modules\loading.py", line 480, in load_modules
    processed_modules += load_marked_modules(env, graph,
                         ^^^^^^^^^^^^^^^^^^^^^^^^^^^^^^^
  File "C:\Users\odvid\OneDrive\Desktop\python\odoo-18\odoo\modules\loading.py", line 363, in load_marked_modules
    graph.add_modules(env.cr, module_list, force)
  File "C:\Users\odvid\OneDrive\Desktop\python\odoo-18\odoo\modules\graph.py", line 71, in add_modules
    info = odoo.modules.module.get_manifest(module)
           ^^^^^^^^^^^^^^^^^^^^^^^^^^^^^^^^^^^^^^^^
  File "C:\Users\odvid\OneDrive\Desktop\python\odoo-18\odoo\modules\module.py", line 363, in get_manifest
    return copy.deepcopy(_get_manifest_cached(module, mod_path))
                         ^^^^^^^^^^^^^^^^^^^^^^^^^^^^^^^^^^^^^^
  File "C:\Users\odvid\OneDrive\Desktop\python\odoo-18\odoo\modules\module.py", line 367, in _get_manifest_cached
    return load_manifest(module, mod_path)
           ^^^^^^^^^^^^^^^^^^^^^^^^^^^^^^^
  File "C:\Users\odvid\OneDrive\Desktop\python\odoo-18\odoo\modules\module.py", line 313, in load_manifest
    manifest.update(ast.literal_eval(f.read()))
                    ^^^^^^^^^^^^^^^^^^^^^^^^^^
  File "C:\Users\odvid\OneDrive\Desktop\python\odoo-18\odoo\_monkeypatches\literal_eval.py", line 28, in literal_eval
    return orig_literal_eval(expr)
           ^^^^^^^^^^^^^^^^^^^^^^^
  File "C:\Users\odvid\AppData\Local\Programs\Python\Python311\Lib\ast.py", line 64, in literal_eval
    node_or_string = parse(node_or_string.lstrip(" \t"), mode='eval')
                     ^^^^^^^^^^^^^^^^^^^^^^^^^^^^^^^^^^^^^^^^^^^^^^^^
  File "C:\Users\odvid\AppData\Local\Programs\Python\Python311\Lib\ast.py", line 50, in parse
    return compile(source, filename, mode, flags,
           ^^^^^^^^^^^^^^^^^^^^^^^^^^^^^^^^^^^^^^
  File "<unknown>", line 6
    'description': """ From students administration to exam, this covers all aspects of college administration """,
                 ^
SyntaxError: invalid syntax
2025-06-02 05:39:54,959 10676 INFO ? werkzeug: 127.0.0.1 - - [02/Jun/2025 05:39:54] "GET / HTTP/1.1" 500 - 11 0.005 0.024
2025-06-02 05:40:24,606 13252 INFO ? odoo: Odoo version 18.0 
2025-06-02 05:40:24,607 13252 INFO ? odoo: Using configuration file at C:\Users\odvid\OneDrive\Desktop\python\odoo-18\odoo.conf 
2025-06-02 05:40:24,607 13252 INFO ? odoo: addons paths: ['C:\\Users\\odvid\\OneDrive\\Desktop\\python\\odoo-18\\odoo\\addons', 'c:\\users\\odvid\\appdata\\local\\openerp s.a\\odoo\\addons\\18.0', 'c:\\users\\odvid\\onedrive\\desktop\\python\\odoo-18\\addons', 'c:\\users\\odvid\\onedrive\\desktop\\python\\dtt_app\\apps', 'c:\\users\\odvid\\onedrive\\desktop\\python\\odoo-18\\odoo\\addons'] 
2025-06-02 05:40:24,607 13252 INFO ? odoo: database: odoo_dev@localhost:5432 
2025-06-02 05:40:25,105 13252 INFO ? odoo.addons.base.models.ir_actions_report: You need Wkhtmltopdf to print a pdf version of the reports. 
2025-06-02 05:40:25,128 13252 INFO ? odoo.addons.base.models.ir_actions_report: You need Wkhtmltoimage to generate images from html. 
2025-06-02 05:40:25,784 13252 INFO ? odoo.service.server: HTTP service (werkzeug) running on Chaerin:8069 
2025-06-02 05:40:27,655 13252 INFO ? odoo.modules.loading: loading 1 modules... 
2025-06-02 05:40:27,667 13252 INFO ? odoo.modules.loading: 1 modules loaded in 0.01s, 0 queries (+0 extra) 
2025-06-02 05:40:27,729 13252 INFO ? odoo.modules.loading: loading 26 modules... 
2025-06-02 05:40:28,909 13252 INFO ? odoo.modules.loading: 26 modules loaded in 1.18s, 0 queries (+0 extra) 
2025-06-02 05:40:29,056 13252 INFO ? odoo.modules.loading: Modules loaded. 
2025-06-02 05:40:29,063 13252 INFO ? odoo.modules.registry: Registry loaded in 1.488s 
2025-06-02 05:40:29,064 13252 INFO odoo_loi odoo.addons.base.models.ir_http: Generating routing map for key None 
2025-06-02 05:40:29,133 13252 INFO odoo_loi werkzeug: 127.0.0.1 - - [02/Jun/2025 05:40:29] "GET / HTTP/1.1" 303 - 25 0.047 1.516
2025-06-02 05:40:30,630 13252 INFO odoo_loi werkzeug: 127.0.0.1 - - [02/Jun/2025 05:40:30] "GET /odoo HTTP/1.1" 200 - 85 0.080 1.403
2025-06-02 05:40:31,214 13252 INFO odoo_loi werkzeug: 127.0.0.1 - - [02/Jun/2025 05:40:31] "GET /web/image?model=res.users&field=avatar_128&id=2 HTTP/1.1" 304 - 17 0.016 0.106
2025-06-02 05:40:31,242 13252 INFO odoo_loi werkzeug: 127.0.0.1 - - [02/Jun/2025 05:40:31] "GET /bus/websocket_worker_bundle?v=18.0-5 HTTP/1.1" 304 - 4 0.009 0.119
2025-06-02 05:40:31,277 13252 INFO odoo_loi werkzeug: 127.0.0.1 - - [02/Jun/2025 05:40:31] "GET /websocket?version=18.0-5 HTTP/1.1" 101 - 1 0.001 0.019
2025-06-02 05:40:31,369 13252 INFO odoo_loi werkzeug: 127.0.0.1 - - [02/Jun/2025 05:40:31] "POST /mail/data HTTP/1.1" 200 - 43 0.092 0.157
2025-06-02 05:40:31,721 13252 INFO odoo_loi werkzeug: 127.0.0.1 - - [02/Jun/2025 05:40:31] "GET /web/service-worker.js HTTP/1.1" 200 - 1 0.002 0.014
2025-06-02 05:40:31,747 13252 INFO ? odoo.addons.bus.models.bus: Bus.loop listen imbus on db postgres 
2025-06-02 05:40:32,329 13252 INFO odoo_loi werkzeug: 127.0.0.1 - - [02/Jun/2025 05:40:32] "POST /web/action/load HTTP/1.1" 200 - 7 0.006 1.223
2025-06-02 05:40:33,497 13252 INFO odoo_loi werkzeug: 127.0.0.1 - - [02/Jun/2025 05:40:33] "POST /mail/data HTTP/1.1" 200 - 62 0.073 0.114
2025-06-02 05:40:35,066 13252 INFO odoo_loi werkzeug: 127.0.0.1 - - [02/Jun/2025 05:40:35] "POST /mail/inbox/messages HTTP/1.1" 200 - 5 0.005 0.013
2025-06-02 05:40:38,496 13252 INFO odoo_loi werkzeug: 127.0.0.1 - - [02/Jun/2025 05:40:38] "GET /odoo/apps?debug=1 HTTP/1.1" 200 - 14 0.004 0.035
2025-06-02 05:40:38,839 13252 INFO odoo_loi werkzeug: 127.0.0.1 - - [02/Jun/2025 05:40:38] "GET /web/image?model=res.users&field=avatar_128&id=2 HTTP/1.1" 304 - 9 0.012 0.031
2025-06-02 05:40:38,859 13252 INFO odoo_loi werkzeug: 127.0.0.1 - - [02/Jun/2025 05:40:38] "POST /web/action/load HTTP/1.1" 200 - 11 0.038 0.023
2025-06-02 05:40:38,974 13252 INFO odoo_loi werkzeug: 127.0.0.1 - - [02/Jun/2025 05:40:38] "POST /mail/data HTTP/1.1" 200 - 28 0.095 0.053
2025-06-02 05:40:39,040 13252 INFO odoo_loi werkzeug: 127.0.0.1 - - [02/Jun/2025 05:40:39] "POST /web/dataset/call_kw/ir.module.module/get_views HTTP/1.1" 200 - 56 0.047 0.116
2025-06-02 05:40:39,063 13252 INFO odoo_loi werkzeug: 127.0.0.1 - - [02/Jun/2025 05:40:39] "POST /web/dataset/call_kw/ir.module.module/search_panel_select_range HTTP/1.1" 200 - 1 0.001 0.008
2025-06-02 05:40:39,151 13252 INFO odoo_loi werkzeug: 127.0.0.1 - - [02/Jun/2025 05:40:39] "POST /web/dataset/call_kw/ir.module.module/search_panel_select_range HTTP/1.1" 200 - 54 0.042 0.050
2025-06-02 05:40:39,197 13252 INFO odoo_loi werkzeug: 127.0.0.1 - - [02/Jun/2025 05:40:39] "POST /web/dataset/call_kw/ir.module.module/web_search_read HTTP/1.1" 200 - 4 0.012 0.120
2025-06-02 05:40:39,618 13252 INFO odoo_loi werkzeug: 127.0.0.1 - - [02/Jun/2025 05:40:39] "GET /web/service-worker.js HTTP/1.1" 200 - 1 0.001 0.008
2025-06-02 05:40:41,695 13252 INFO odoo_loi werkzeug: 127.0.0.1 - - [02/Jun/2025 05:40:41] "POST /web/action/load HTTP/1.1" 200 - 9 0.012 0.014
2025-06-02 05:40:41,739 13252 INFO odoo_loi werkzeug: 127.0.0.1 - - [02/Jun/2025 05:40:41] "POST /web/dataset/call_kw/base.module.update/get_views HTTP/1.1" 200 - 12 0.009 0.019
2025-06-02 05:40:42,080 13252 INFO odoo_loi werkzeug: 127.0.0.1 - - [02/Jun/2025 05:40:42] "POST /web/dataset/call_kw/base.module.update/onchange HTTP/1.1" 200 - 2 0.004 0.007
2025-06-02 05:40:43,191 13252 INFO odoo_loi werkzeug: 127.0.0.1 - - [02/Jun/2025 05:40:43] "POST /web/dataset/call_kw/base.module.update/web_save HTTP/1.1" 200 - 5 0.005 0.025
2025-06-02 05:40:43,211 13252 INFO odoo_loi odoo.addons.base.models.ir_module: ALLOW access to module.update_list on [] to user emmanuellouisgonzaga@gmail.com #2 via 127.0.0.1 
2025-06-02 05:40:44,965 13252 INFO odoo_loi werkzeug: 127.0.0.1 - - [02/Jun/2025 05:40:44] "POST /web/dataset/call_button/base.module.update/update_module HTTP/1.1" 200 - 1593 0.589 1.172
2025-06-02 05:40:50,451 13252 INFO odoo_loi werkzeug: 127.0.0.1 - - [02/Jun/2025 05:40:50] "POST /web/dataset/call_kw/ir.module.module/search_panel_select_range HTTP/1.1" 200 - 54 0.041 0.046
2025-06-02 05:40:50,493 13252 INFO odoo_loi werkzeug: 127.0.0.1 - - [02/Jun/2025 05:40:50] "POST /web/dataset/call_kw/ir.module.module/web_search_read HTTP/1.1" 200 - 4 0.011 0.115
2025-06-02 05:40:52,521 13252 INFO odoo_loi werkzeug: 127.0.0.1 - - [02/Jun/2025 05:40:52] "GET /odoo/www.cfbtools.app HTTP/1.1" 200 - 14 0.006 0.036
2025-06-02 05:40:52,884 13252 INFO odoo_loi werkzeug: 127.0.0.1 - - [02/Jun/2025 05:40:52] "POST /web/action/load HTTP/1.1" 200 - 6 0.020 0.023
2025-06-02 05:40:52,891 13252 INFO odoo_loi werkzeug: 127.0.0.1 - - [02/Jun/2025 05:40:52] "GET /web/image?model=res.users&field=avatar_128&id=2 HTTP/1.1" 304 - 9 0.023 0.030
2025-06-02 05:40:52,934 13252 INFO odoo_loi werkzeug: 127.0.0.1 - - [02/Jun/2025 05:40:52] "POST /mail/data HTTP/1.1" 200 - 28 0.032 0.055
2025-06-02 05:40:53,073 13252 INFO odoo_loi werkzeug: 127.0.0.1 - - [02/Jun/2025 05:40:53] "POST /mail/data HTTP/1.1" 200 - 56 0.038 0.090
2025-06-02 05:40:53,179 13252 INFO odoo_loi werkzeug: 127.0.0.1 - - [02/Jun/2025 05:40:53] "POST /mail/inbox/messages HTTP/1.1" 200 - 3 0.003 0.010
2025-06-02 05:40:53,608 13252 INFO odoo_loi werkzeug: 127.0.0.1 - - [02/Jun/2025 05:40:53] "GET /web/service-worker.js HTTP/1.1" 200 - 1 0.000 0.006
2025-06-02 05:40:57,969 13252 INFO odoo_loi odoo.addons.base.models.ir_module: ALLOW access to module.button_immediate_upgrade on ['Test App'] to user emmanuellouisgonzaga@gmail.com #2 via 127.0.0.1 
2025-06-02 05:40:57,972 13252 INFO odoo_loi odoo.addons.base.models.ir_module: ALLOW access to module.button_upgrade on ['Test App'] to user emmanuellouisgonzaga@gmail.com #2 via 127.0.0.1 
2025-06-02 05:40:57,973 13252 INFO odoo_loi odoo.addons.base.models.ir_module: ALLOW access to module.update_list on ['Test App'] to user emmanuellouisgonzaga@gmail.com #2 via 127.0.0.1 
2025-06-02 05:40:59,736 13252 INFO odoo_loi odoo.addons.base.models.ir_module: ALLOW access to module.button_install on [] to user emmanuellouisgonzaga@gmail.com #2 via 127.0.0.1 
2025-06-02 05:40:59,806 13252 INFO odoo_loi odoo.modules.loading: loading 1 modules... 
2025-06-02 05:40:59,816 13252 INFO odoo_loi odoo.modules.loading: 1 modules loaded in 0.01s, 0 queries (+0 extra) 
2025-06-02 05:40:59,868 13252 INFO odoo_loi odoo.modules.loading: updating modules list 
2025-06-02 05:40:59,871 13252 INFO odoo_loi odoo.addons.base.models.ir_module: ALLOW access to module.update_list on [] to user __system__ #1 via 127.0.0.1 
2025-06-02 05:41:01,605 13252 INFO odoo_loi odoo.modules.loading: loading 26 modules... 
2025-06-02 05:41:01,606 13252 INFO odoo_loi odoo.modules.loading: Loading module test (2/26) 
2025-06-02 05:41:01,800 13252 INFO odoo_loi odoo.modules.loading: Module test loaded in 0.19s, 14 queries (+14 other) 
2025-06-02 05:41:01,847 13252 INFO odoo_loi odoo.modules.loading: 26 modules loaded in 0.24s, 14 queries (+14 extra) 
2025-06-02 05:41:02,759 13252 INFO odoo_loi odoo.modules.loading: Modules loaded. 
2025-06-02 05:41:02,778 13252 INFO odoo_loi odoo.modules.registry: Registry changed, signaling through the database 
2025-06-02 05:41:02,780 13252 INFO odoo_loi odoo.modules.registry: Registry loaded in 2.996s 
2025-06-02 05:41:02,780 13252 INFO odoo_loi odoo.addons.base.models.ir_module: getting next ir.actions.todo() 
2025-06-02 05:41:02,788 13252 INFO odoo_loi werkzeug: 127.0.0.1 - - [02/Jun/2025 05:41:02] "POST /web/dataset/call_button/ir.module.module/button_immediate_upgrade HTTP/1.1" 200 - 3907 1.755 3.074
2025-06-02 05:41:02,805 13252 INFO odoo_loi odoo.addons.base.models.ir_http: Generating routing map for key None 
2025-06-02 05:41:04,143 13252 INFO odoo_loi werkzeug: 127.0.0.1 - - [02/Jun/2025 05:41:04] "GET /odoo HTTP/1.1" 200 - 87 0.036 1.305
2025-06-02 05:41:04,487 13252 INFO odoo_loi werkzeug: 127.0.0.1 - - [02/Jun/2025 05:41:04] "POST /web/action/load HTTP/1.1" 200 - 7 0.014 0.022
2025-06-02 05:41:04,511 13252 INFO odoo_loi werkzeug: 127.0.0.1 - - [02/Jun/2025 05:41:04] "GET /web/image?model=res.users&field=avatar_128&id=2 HTTP/1.1" 304 - 17 0.029 0.034
2025-06-02 05:41:04,575 13252 INFO odoo_loi werkzeug: 127.0.0.1 - - [02/Jun/2025 05:41:04] "POST /mail/data HTTP/1.1" 200 - 43 0.060 0.062
2025-06-02 05:41:04,699 13252 INFO odoo_loi werkzeug: 127.0.0.1 - - [02/Jun/2025 05:41:04] "POST /mail/data HTTP/1.1" 200 - 63 0.031 0.109
2025-06-02 05:41:04,803 13252 INFO odoo_loi werkzeug: 127.0.0.1 - - [02/Jun/2025 05:41:04] "POST /mail/inbox/messages HTTP/1.1" 200 - 5 0.005 0.010
2025-06-02 05:41:05,160 13252 INFO odoo_loi werkzeug: 127.0.0.1 - - [02/Jun/2025 05:41:05] "GET /web/service-worker.js HTTP/1.1" 200 - 1 0.000 0.008
2025-06-02 05:41:07,511 13252 INFO odoo_loi werkzeug: 127.0.0.1 - - [02/Jun/2025 05:41:07] "POST /web/action/load HTTP/1.1" 200 - 11 0.004 0.022
2025-06-02 05:41:07,594 13252 INFO odoo_loi werkzeug: 127.0.0.1 - - [02/Jun/2025 05:41:07] "POST /mail/data HTTP/1.1" 200 - 28 0.038 0.044
2025-06-02 05:41:07,689 13252 INFO odoo_loi werkzeug: 127.0.0.1 - - [02/Jun/2025 05:41:07] "POST /web/dataset/call_kw/ir.module.module/get_views HTTP/1.1" 200 - 56 0.044 0.111
2025-06-02 05:41:07,709 13252 INFO odoo_loi werkzeug: 127.0.0.1 - - [02/Jun/2025 05:41:07] "POST /web/dataset/call_kw/ir.module.module/search_panel_select_range HTTP/1.1" 200 - 1 0.001 0.007
2025-06-02 05:41:07,805 13252 INFO odoo_loi werkzeug: 127.0.0.1 - - [02/Jun/2025 05:41:07] "POST /web/dataset/call_kw/ir.module.module/search_panel_select_range HTTP/1.1" 200 - 57 0.045 0.056
2025-06-02 05:41:07,830 13252 INFO odoo_loi werkzeug: 127.0.0.1 - - [02/Jun/2025 05:41:07] "POST /web/dataset/call_kw/ir.module.module/web_search_read HTTP/1.1" 200 - 4 0.004 0.116
2025-06-02 05:41:08,264 13252 INFO odoo_loi werkzeug: 127.0.0.1 - - [02/Jun/2025 05:41:08] "GET /web/service-worker.js HTTP/1.1" 200 - 1 0.001 0.010
2025-06-02 05:41:19,142 13252 INFO odoo_loi werkzeug: 127.0.0.1 - - [02/Jun/2025 05:41:19] "POST /web/dataset/call_kw/ir.module.module/search_panel_select_range HTTP/1.1" 200 - 54 0.036 0.057
2025-06-02 05:41:19,187 13252 INFO odoo_loi werkzeug: 127.0.0.1 - - [02/Jun/2025 05:41:19] "POST /web/dataset/call_kw/ir.module.module/web_search_read HTTP/1.1" 200 - 4 0.007 0.118
2025-06-02 05:41:20,460 13252 INFO odoo_loi werkzeug: 127.0.0.1 - - [02/Jun/2025 05:41:20] "POST /web/action/load HTTP/1.1" 200 - 9 0.003 0.017
2025-06-02 05:41:20,512 13252 INFO odoo_loi werkzeug: 127.0.0.1 - - [02/Jun/2025 05:41:20] "POST /web/dataset/call_kw/base.module.update/get_views HTTP/1.1" 200 - 12 0.004 0.022
2025-06-02 05:41:20,555 13252 INFO odoo_loi werkzeug: 127.0.0.1 - - [02/Jun/2025 05:41:20] "POST /web/dataset/call_kw/base.module.update/onchange HTTP/1.1" 200 - 2 0.001 0.008
2025-06-02 05:41:22,174 13252 INFO odoo_loi werkzeug: 127.0.0.1 - - [02/Jun/2025 05:41:22] "POST /web/dataset/call_kw/base.module.update/web_save HTTP/1.1" 200 - 5 0.003 0.022
2025-06-02 05:41:22,201 13252 INFO odoo_loi odoo.addons.base.models.ir_module: ALLOW access to module.update_list on [] to user emmanuellouisgonzaga@gmail.com #2 via 127.0.0.1 
2025-06-02 05:41:23,956 13252 INFO odoo_loi werkzeug: 127.0.0.1 - - [02/Jun/2025 05:41:23] "POST /web/dataset/call_button/base.module.update/update_module HTTP/1.1" 200 - 1589 0.580 1.182
2025-06-02 05:41:26,873 13252 INFO odoo_loi odoo.addons.base.models.ir_cron: Job 'Base: Auto-vacuum internal data' (1) starting 
2025-06-02 05:41:26,928 13252 INFO odoo_loi odoo.addons.base.models.ir_attachment: filestore gc 0 checked, 0 removed 
2025-06-02 05:41:27,002 13252 INFO odoo_loi odoo.addons.base.models.res_users: GC'd 1 user log entries 
2025-06-02 05:41:27,027 13252 INFO odoo_loi odoo.addons.base.models.res_users: GC 'res.users.apikeys' delete 0 entries 
2025-06-02 05:41:27,037 13252 INFO odoo_loi odoo.addons.base.models.res_device: GC device logs delete 0 entries 
2025-06-02 05:41:27,039 13252 INFO odoo_loi odoo.addons.base.models.res_device: GC device logs delete 0 entries 
2025-06-02 05:41:27,062 13252 INFO odoo_loi odoo.addons.base.models.res_users: GC 'auth_totp.device' delete 0 entries 
2025-06-02 05:41:27,077 13252 INFO odoo_loi odoo.models.unlink: User #1 deleted bus.bus records with IDs: [30, 31, 32, 33, 34, 35, 36, 37, 38, 39, 40, 41, 42, 43, 44] 
2025-06-02 05:41:27,364 13252 INFO odoo_loi odoo.addons.sms.models.sms_sms: GC'd 0 sms marked for deletion 
2025-06-02 05:41:27,388 13252 INFO odoo_loi odoo.addons.base.models.ir_cron: Job 'Base: Auto-vacuum internal data' (1) done in 0.515s 
2025-06-02 05:41:27,408 13252 INFO odoo_loi odoo.addons.base.models.ir_cron: Job 'Base: Auto-vacuum internal data' (1) processed 0 records, 0 records remaining 
2025-06-02 05:41:27,415 13252 INFO odoo_loi odoo.addons.base.models.ir_cron: Job 'Base: Auto-vacuum internal data' (1) completed 
2025-06-02 05:41:30,005 13252 INFO odoo_loi werkzeug: 127.0.0.1 - - [02/Jun/2025 05:41:30] "POST /web/dataset/call_button/ir.module.module/more_info HTTP/1.1" 200 - 1 0.000 0.009
2025-06-02 05:41:30,180 13252 INFO odoo_loi werkzeug: 127.0.0.1 - - [02/Jun/2025 05:41:30] "POST /web/dataset/call_kw/ir.module.module/get_views HTTP/1.1" 200 - 6 0.005 0.022
2025-06-02 05:41:30,218 13252 INFO odoo_loi werkzeug: 127.0.0.1 - - [02/Jun/2025 05:41:30] "POST /web/dataset/call_kw/ir.module.module/web_read HTTP/1.1" 200 - 7 0.005 0.022
2025-06-02 05:41:30,293 13252 INFO ? werkzeug: 127.0.0.1 - - [02/Jun/2025 05:41:30] "GET /base/static/src/css/description.css HTTP/1.1" 200 - 0 0.000 0.019
2025-06-02 05:41:30,317 13252 INFO odoo_loi werkzeug: 127.0.0.1 - - [02/Jun/2025 05:41:30] "GET /web/image/ir.module.module/638/icon_image?unique=1748842861000 HTTP/1.1" 200 - 4 0.004 0.017
2025-06-02 05:42:14,673 13252 INFO odoo_loi werkzeug: 127.0.0.1 - - [02/Jun/2025 05:42:14] "POST /web/dataset/call_kw/base.module.update/onchange HTTP/1.1" 200 - 1 0.000 0.006
2025-06-02 05:42:15,847 13252 INFO odoo_loi werkzeug: 127.0.0.1 - - [02/Jun/2025 05:42:15] "POST /web/dataset/call_kw/base.module.update/web_save HTTP/1.1" 200 - 3 0.000 0.024
2025-06-02 05:42:15,866 13252 INFO odoo_loi odoo.addons.base.models.ir_module: ALLOW access to module.update_list on [] to user emmanuellouisgonzaga@gmail.com #2 via 127.0.0.1 
2025-06-02 05:42:17,519 13252 INFO odoo_loi werkzeug: 127.0.0.1 - - [02/Jun/2025 05:42:17] "POST /web/dataset/call_button/base.module.update/update_module HTTP/1.1" 200 - 1585 0.551 1.110
2025-06-02 05:42:18,596 13252 INFO odoo_loi odoo.addons.base.models.ir_module: ALLOW access to module.button_immediate_upgrade on ['Test App'] to user emmanuellouisgonzaga@gmail.com #2 via 127.0.0.1 
2025-06-02 05:42:18,597 13252 INFO odoo_loi odoo.addons.base.models.ir_module: ALLOW access to module.button_upgrade on ['Test App'] to user emmanuellouisgonzaga@gmail.com #2 via 127.0.0.1 
2025-06-02 05:42:18,598 13252 INFO odoo_loi odoo.addons.base.models.ir_module: ALLOW access to module.update_list on ['Test App'] to user emmanuellouisgonzaga@gmail.com #2 via 127.0.0.1 
2025-06-02 05:42:20,209 13252 INFO odoo_loi odoo.addons.base.models.ir_module: ALLOW access to module.button_install on [] to user emmanuellouisgonzaga@gmail.com #2 via 127.0.0.1 
2025-06-02 05:42:20,258 13252 INFO odoo_loi odoo.modules.loading: loading 1 modules... 
2025-06-02 05:42:20,268 13252 INFO odoo_loi odoo.modules.loading: 1 modules loaded in 0.01s, 0 queries (+0 extra) 
2025-06-02 05:42:20,318 13252 INFO odoo_loi odoo.modules.loading: updating modules list 
2025-06-02 05:42:20,320 13252 INFO odoo_loi odoo.addons.base.models.ir_module: ALLOW access to module.update_list on [] to user __system__ #1 via 127.0.0.1 
2025-06-02 05:42:21,728 13252 INFO odoo_loi odoo.modules.loading: loading 26 modules... 
2025-06-02 05:42:21,729 13252 INFO odoo_loi odoo.modules.loading: Loading module test (2/26) 
2025-06-02 05:42:21,882 13252 INFO odoo_loi odoo.modules.loading: Module test loaded in 0.15s, 14 queries (+14 other) 
2025-06-02 05:42:21,930 13252 INFO odoo_loi odoo.modules.loading: 26 modules loaded in 0.20s, 14 queries (+14 extra) 
2025-06-02 05:42:22,725 13252 INFO odoo_loi odoo.modules.loading: Modules loaded. 
2025-06-02 05:42:22,731 13252 INFO odoo_loi odoo.modules.registry: Registry changed, signaling through the database 
2025-06-02 05:42:22,732 13252 INFO odoo_loi odoo.modules.registry: Registry loaded in 2.482s 
2025-06-02 05:42:22,732 13252 INFO odoo_loi odoo.addons.base.models.ir_module: getting next ir.actions.todo() 
2025-06-02 05:42:22,738 13252 INFO odoo_loi werkzeug: 127.0.0.1 - - [02/Jun/2025 05:42:22] "POST /web/dataset/call_button/ir.module.module/button_immediate_upgrade HTTP/1.1" 200 - 3907 1.389 2.765
2025-06-02 05:42:22,752 13252 INFO odoo_loi odoo.addons.base.models.ir_http: Generating routing map for key None 
2025-06-02 05:42:24,083 13252 INFO odoo_loi werkzeug: 127.0.0.1 - - [02/Jun/2025 05:42:24] "GET /odoo HTTP/1.1" 200 - 87 0.039 1.296
2025-06-02 05:42:24,399 13252 INFO odoo_loi werkzeug: 127.0.0.1 - - [02/Jun/2025 05:42:24] "POST /web/action/load HTTP/1.1" 200 - 7 0.016 0.017
2025-06-02 05:42:24,433 13252 INFO odoo_loi werkzeug: 127.0.0.1 - - [02/Jun/2025 05:42:24] "GET /web/image?model=res.users&field=avatar_128&id=2 HTTP/1.1" 304 - 17 0.029 0.042
2025-06-02 05:42:24,487 13252 INFO odoo_loi werkzeug: 127.0.0.1 - - [02/Jun/2025 05:42:24] "POST /mail/data HTTP/1.1" 200 - 43 0.047 0.068
2025-06-02 05:42:24,624 13252 INFO odoo_loi werkzeug: 127.0.0.1 - - [02/Jun/2025 05:42:24] "POST /mail/data HTTP/1.1" 200 - 63 0.029 0.106
2025-06-02 05:42:24,730 13252 INFO odoo_loi werkzeug: 127.0.0.1 - - [02/Jun/2025 05:42:24] "POST /mail/inbox/messages HTTP/1.1" 200 - 5 0.006 0.012
2025-06-02 05:42:25,101 13252 INFO odoo_loi werkzeug: 127.0.0.1 - - [02/Jun/2025 05:42:25] "GET /web/service-worker.js HTTP/1.1" 200 - 1 0.001 0.005
2025-06-02 05:42:27,962 13252 INFO odoo_loi odoo.addons.base.models.ir_cron: Job 'Base: Auto-vacuum internal data' (1) starting 
2025-06-02 05:42:28,040 13252 INFO odoo_loi werkzeug: 127.0.0.1 - - [02/Jun/2025 05:42:28] "GET /odoo/apps?debug=1 HTTP/1.1" 200 - 14 0.021 0.042
2025-06-02 05:42:28,048 13252 INFO odoo_loi odoo.addons.base.models.ir_attachment: filestore gc 0 checked, 0 removed 
2025-06-02 05:42:28,126 13252 INFO odoo_loi odoo.addons.base.models.res_users: GC'd 0 user log entries 
2025-06-02 05:42:28,133 13252 INFO odoo_loi odoo.addons.base.models.res_users: GC 'res.users.apikeys' delete 0 entries 
2025-06-02 05:42:28,140 13252 INFO odoo_loi odoo.addons.base.models.res_device: GC device logs delete 0 entries 
2025-06-02 05:42:28,142 13252 INFO odoo_loi odoo.addons.base.models.res_device: GC device logs delete 0 entries 
2025-06-02 05:42:28,158 13252 INFO odoo_loi odoo.addons.base.models.res_users: GC 'auth_totp.device' delete 0 entries 
2025-06-02 05:42:28,334 13252 INFO odoo_loi odoo.addons.sms.models.sms_sms: GC'd 0 sms marked for deletion 
2025-06-02 05:42:28,383 13252 INFO odoo_loi odoo.addons.base.models.ir_cron: Job 'Base: Auto-vacuum internal data' (1) done in 0.420s 
2025-06-02 05:42:28,405 13252 INFO odoo_loi odoo.addons.base.models.ir_cron: Job 'Base: Auto-vacuum internal data' (1) processed 0 records, 0 records remaining 
2025-06-02 05:42:28,433 13252 INFO odoo_loi werkzeug: 127.0.0.1 - - [02/Jun/2025 05:42:28] "GET /web/image?model=res.users&field=avatar_128&id=2 HTTP/1.1" 304 - 9 0.025 0.080
2025-06-02 05:42:28,444 13252 INFO odoo_loi odoo.addons.base.models.ir_cron: Job 'Base: Auto-vacuum internal data' (1) completed 
2025-06-02 05:42:28,469 13252 INFO odoo_loi werkzeug: 127.0.0.1 - - [02/Jun/2025 05:42:28] "POST /web/action/load HTTP/1.1" 200 - 11 0.018 0.107
2025-06-02 05:42:28,569 13252 INFO odoo_loi werkzeug: 127.0.0.1 - - [02/Jun/2025 05:42:28] "POST /mail/data HTTP/1.1" 200 - 28 0.086 0.123
2025-06-02 05:42:28,629 13252 INFO odoo_loi werkzeug: 127.0.0.1 - - [02/Jun/2025 05:42:28] "POST /web/dataset/call_kw/ir.module.module/get_views HTTP/1.1" 200 - 56 0.036 0.111
2025-06-02 05:42:28,653 13252 INFO odoo_loi werkzeug: 127.0.0.1 - - [02/Jun/2025 05:42:28] "POST /web/dataset/call_kw/ir.module.module/search_panel_select_range HTTP/1.1" 200 - 1 0.002 0.011
2025-06-02 05:42:28,738 13252 INFO odoo_loi werkzeug: 127.0.0.1 - - [02/Jun/2025 05:42:28] "POST /web/dataset/call_kw/ir.module.module/search_panel_select_range HTTP/1.1" 200 - 56 0.040 0.053
2025-06-02 05:42:28,771 13252 INFO odoo_loi werkzeug: 127.0.0.1 - - [02/Jun/2025 05:42:28] "POST /web/dataset/call_kw/ir.module.module/web_search_read HTTP/1.1" 200 - 4 0.005 0.116
2025-06-02 05:42:29,178 13252 INFO odoo_loi werkzeug: 127.0.0.1 - - [02/Jun/2025 05:42:29] "GET /web/service-worker.js HTTP/1.1" 200 - 1 0.001 0.007
2025-06-02 05:42:31,548 13252 INFO odoo_loi werkzeug: 127.0.0.1 - - [02/Jun/2025 05:42:31] "POST /web/dataset/call_button/ir.module.module/more_info HTTP/1.1" 200 - 1 0.001 0.007
2025-06-02 05:42:31,686 13252 INFO odoo_loi werkzeug: 127.0.0.1 - - [02/Jun/2025 05:42:31] "POST /web/dataset/call_kw/ir.module.module/get_views HTTP/1.1" 200 - 6 0.003 0.024
2025-06-02 05:42:31,731 13252 INFO odoo_loi werkzeug: 127.0.0.1 - - [02/Jun/2025 05:42:31] "POST /web/dataset/call_kw/ir.module.module/web_read HTTP/1.1" 200 - 9 0.009 0.018
2025-06-02 05:42:31,826 13252 INFO odoo_loi werkzeug: 127.0.0.1 - - [02/Jun/2025 05:42:31] "GET /web/image/ir.module.module/638/icon_image?unique=1748842941000 HTTP/1.1" 200 - 4 0.003 0.011
2025-06-02 05:42:33,981 13252 INFO odoo_loi werkzeug: 127.0.0.1 - - [02/Jun/2025 05:42:33] "POST /web/dataset/call_kw/ir.module.module/web_search_read HTTP/1.1" 200 - 3 0.001 0.063
2025-06-02 05:42:40,417 10024 INFO ? odoo: Odoo version 18.0 
2025-06-02 05:42:40,425 10024 INFO ? odoo: Using configuration file at C:\Users\odvid\OneDrive\Desktop\python\odoo-18\odoo.conf 
2025-06-02 05:42:40,425 10024 INFO ? odoo: addons paths: ['C:\\Users\\odvid\\OneDrive\\Desktop\\python\\odoo-18\\odoo\\addons', 'c:\\users\\odvid\\appdata\\local\\openerp s.a\\odoo\\addons\\18.0', 'c:\\users\\odvid\\onedrive\\desktop\\python\\odoo-18\\addons', 'c:\\users\\odvid\\onedrive\\desktop\\python\\dtt_app\\apps', 'c:\\users\\odvid\\onedrive\\desktop\\python\\odoo-18\\odoo\\addons'] 
2025-06-02 05:42:40,426 10024 INFO ? odoo: database: odoo_dev@localhost:5432 
2025-06-02 05:42:40,749 10024 INFO ? odoo.addons.base.models.ir_actions_report: You need Wkhtmltopdf to print a pdf version of the reports. 
2025-06-02 05:42:40,765 10024 INFO ? odoo.addons.base.models.ir_actions_report: You need Wkhtmltoimage to generate images from html. 
2025-06-02 05:42:41,286 10024 INFO ? odoo.service.server: HTTP service (werkzeug) running on Chaerin:8069 
2025-06-02 05:42:42,152 10024 INFO ? odoo.modules.loading: loading 1 modules... 
2025-06-02 05:42:42,164 10024 INFO ? odoo.modules.loading: 1 modules loaded in 0.01s, 0 queries (+0 extra) 
2025-06-02 05:42:42,202 10024 INFO ? odoo.modules.loading: loading 26 modules... 
2025-06-02 05:42:43,496 10024 INFO ? odoo.modules.loading: 26 modules loaded in 1.29s, 0 queries (+0 extra) 
2025-06-02 05:42:43,715 10024 INFO ? odoo.modules.loading: Modules loaded. 
2025-06-02 05:42:43,723 10024 INFO ? odoo.modules.registry: Registry loaded in 1.637s 
2025-06-02 05:42:43,725 10024 INFO odoo_loi odoo.addons.base.models.ir_http: Generating routing map for key None 
2025-06-02 05:42:43,907 10024 INFO odoo_loi werkzeug: 127.0.0.1 - - [02/Jun/2025 05:42:43] "GET /websocket?version=18.0-5 HTTP/1.1" 101 - 20 0.044 1.779
2025-06-02 05:42:43,928 10024 INFO odoo_loi werkzeug: 127.0.0.1 - - [02/Jun/2025 05:42:43] "POST /bus/has_missed_notifications HTTP/1.1" 200 - 2 0.001 0.011
2025-06-02 05:42:43,928 10024 INFO odoo_loi odoo.addons.base.models.ir_module: ALLOW access to module.button_immediate_upgrade on ['Test App'] to user emmanuellouisgonzaga@gmail.com #2 via 127.0.0.1 
2025-06-02 05:42:43,930 10024 INFO odoo_loi odoo.addons.base.models.ir_module: ALLOW access to module.button_upgrade on ['Test App'] to user emmanuellouisgonzaga@gmail.com #2 via 127.0.0.1 
2025-06-02 05:42:43,931 10024 INFO odoo_loi odoo.addons.base.models.ir_module: ALLOW access to module.update_list on ['Test App'] to user emmanuellouisgonzaga@gmail.com #2 via 127.0.0.1 
2025-06-02 05:42:44,327 10024 INFO ? odoo.addons.bus.models.bus: Bus.loop listen imbus on db postgres 
2025-06-02 05:42:45,731 10024 INFO odoo_loi odoo.addons.base.models.ir_module: ALLOW access to module.button_install on [] to user emmanuellouisgonzaga@gmail.com #2 via 127.0.0.1 
2025-06-02 05:42:45,806 10024 INFO odoo_loi odoo.modules.loading: loading 1 modules... 
2025-06-02 05:42:45,816 10024 INFO odoo_loi odoo.modules.loading: 1 modules loaded in 0.01s, 0 queries (+0 extra) 
2025-06-02 05:42:45,865 10024 INFO odoo_loi odoo.modules.loading: updating modules list 
2025-06-02 05:42:45,867 10024 INFO odoo_loi odoo.addons.base.models.ir_module: ALLOW access to module.update_list on [] to user __system__ #1 via 127.0.0.1 
2025-06-02 05:42:47,450 10024 INFO odoo_loi odoo.modules.loading: loading 26 modules... 
2025-06-02 05:42:47,450 10024 INFO odoo_loi odoo.modules.loading: Loading module test (2/26) 
2025-06-02 05:42:47,654 10024 INFO odoo_loi odoo.modules.loading: Module test loaded in 0.20s, 14 queries (+14 other) 
2025-06-02 05:42:47,704 10024 INFO odoo_loi odoo.modules.loading: 26 modules loaded in 0.25s, 14 queries (+14 extra) 
2025-06-02 05:42:48,690 10024 INFO odoo_loi odoo.modules.loading: Modules loaded. 
2025-06-02 05:42:48,697 10024 INFO odoo_loi odoo.modules.registry: Registry changed, signaling through the database 
2025-06-02 05:42:48,697 10024 INFO odoo_loi odoo.modules.registry: Registry loaded in 2.899s 
2025-06-02 05:42:48,698 10024 INFO odoo_loi odoo.addons.base.models.ir_module: getting next ir.actions.todo() 
2025-06-02 05:42:48,705 10024 INFO odoo_loi werkzeug: 127.0.0.1 - - [02/Jun/2025 05:42:48] "POST /web/dataset/call_button/ir.module.module/button_immediate_upgrade HTTP/1.1" 200 - 3926 1.766 5.621
2025-06-02 05:42:48,720 10024 INFO odoo_loi odoo.addons.base.models.ir_http: Generating routing map for key None 
2025-06-02 05:42:50,045 10024 INFO odoo_loi werkzeug: 127.0.0.1 - - [02/Jun/2025 05:42:50] "GET /odoo HTTP/1.1" 200 - 87 0.060 1.269
2025-06-02 05:42:50,477 10024 INFO odoo_loi werkzeug: 127.0.0.1 - - [02/Jun/2025 05:42:50] "POST /web/action/load HTTP/1.1" 200 - 7 0.017 0.135
2025-06-02 05:42:50,478 10024 INFO odoo_loi werkzeug: 127.0.0.1 - - [02/Jun/2025 05:42:50] "GET /web/image?model=res.users&field=avatar_128&id=2 HTTP/1.1" 304 - 17 0.103 0.053
2025-06-02 05:42:50,590 10024 INFO odoo_loi werkzeug: 127.0.0.1 - - [02/Jun/2025 05:42:50] "POST /mail/data HTTP/1.1" 200 - 43 0.042 0.223
2025-06-02 05:42:50,739 10024 INFO odoo_loi werkzeug: 127.0.0.1 - - [02/Jun/2025 05:42:50] "POST /mail/data HTTP/1.1" 200 - 63 0.066 0.114
2025-06-02 05:42:50,842 10024 INFO odoo_loi werkzeug: 127.0.0.1 - - [02/Jun/2025 05:42:50] "POST /mail/inbox/messages HTTP/1.1" 200 - 5 0.004 0.011
2025-06-02 05:42:51,063 10024 INFO odoo_loi werkzeug: 127.0.0.1 - - [02/Jun/2025 05:42:51] "GET /web/service-worker.js HTTP/1.1" 200 - 1 0.000 0.007
2025-06-02 05:42:54,236 10024 INFO odoo_loi werkzeug: 127.0.0.1 - - [02/Jun/2025 05:42:54] "GET /odoo/apps?debug=1 HTTP/1.1" 200 - 14 0.007 0.031
2025-06-02 05:42:54,560 10024 INFO odoo_loi werkzeug: 127.0.0.1 - - [02/Jun/2025 05:42:54] "GET /web/image?model=res.users&field=avatar_128&id=2 HTTP/1.1" 304 - 9 0.010 0.031
2025-06-02 05:42:54,580 10024 INFO odoo_loi werkzeug: 127.0.0.1 - - [02/Jun/2025 05:42:54] "POST /web/action/load HTTP/1.1" 200 - 11 0.028 0.028
2025-06-02 05:42:54,654 10024 INFO odoo_loi werkzeug: 127.0.0.1 - - [02/Jun/2025 05:42:54] "POST /mail/data HTTP/1.1" 200 - 28 0.029 0.071
2025-06-02 05:42:54,767 10024 INFO odoo_loi werkzeug: 127.0.0.1 - - [02/Jun/2025 05:42:54] "POST /web/dataset/call_kw/ir.module.module/get_views HTTP/1.1" 200 - 56 0.053 0.107
2025-06-02 05:42:54,811 10024 INFO odoo_loi werkzeug: 127.0.0.1 - - [02/Jun/2025 05:42:54] "POST /web/dataset/call_kw/ir.module.module/search_panel_select_range HTTP/1.1" 200 - 1 0.001 0.010
2025-06-02 05:42:54,899 10024 INFO odoo_loi werkzeug: 127.0.0.1 - - [02/Jun/2025 05:42:54] "POST /web/dataset/call_kw/ir.module.module/search_panel_select_range HTTP/1.1" 200 - 57 0.048 0.048
2025-06-02 05:42:54,942 10024 INFO odoo_loi werkzeug: 127.0.0.1 - - [02/Jun/2025 05:42:54] "POST /web/dataset/call_kw/ir.module.module/web_search_read HTTP/1.1" 200 - 4 0.003 0.132
2025-06-02 05:42:55,334 10024 INFO odoo_loi werkzeug: 127.0.0.1 - - [02/Jun/2025 05:42:55] "GET /web/service-worker.js HTTP/1.1" 200 - 1 0.001 0.007
2025-06-02 05:42:57,425 10024 INFO odoo_loi werkzeug: 127.0.0.1 - - [02/Jun/2025 05:42:57] "POST /web/dataset/call_button/ir.module.module/more_info HTTP/1.1" 200 - 1 0.001 0.005
2025-06-02 05:42:57,562 10024 INFO odoo_loi werkzeug: 127.0.0.1 - - [02/Jun/2025 05:42:57] "POST /web/dataset/call_kw/ir.module.module/get_views HTTP/1.1" 200 - 6 0.007 0.021
2025-06-02 05:42:57,605 10024 INFO odoo_loi werkzeug: 127.0.0.1 - - [02/Jun/2025 05:42:57] "POST /web/dataset/call_kw/ir.module.module/web_read HTTP/1.1" 200 - 9 0.005 0.024
2025-06-02 05:42:57,690 10024 INFO odoo_loi werkzeug: 127.0.0.1 - - [02/Jun/2025 05:42:57] "GET /web/image/ir.module.module/638/icon_image?unique=1748842967000 HTTP/1.1" 200 - 4 0.003 0.013
2025-06-02 05:43:42,376 10024 INFO odoo_loi odoo.addons.base.models.ir_cron: Job 'Base: Auto-vacuum internal data' (1) starting 
2025-06-02 05:43:42,434 10024 INFO odoo_loi odoo.addons.base.models.ir_attachment: filestore gc 0 checked, 0 removed 
2025-06-02 05:43:42,509 10024 INFO odoo_loi odoo.addons.base.models.res_users: GC'd 0 user log entries 
2025-06-02 05:43:42,521 10024 INFO odoo_loi odoo.addons.base.models.res_users: GC 'res.users.apikeys' delete 0 entries 
2025-06-02 05:43:42,530 10024 INFO odoo_loi odoo.addons.base.models.res_device: GC device logs delete 0 entries 
2025-06-02 05:43:42,532 10024 INFO odoo_loi odoo.addons.base.models.res_device: GC device logs delete 0 entries 
2025-06-02 05:43:42,556 10024 INFO odoo_loi odoo.addons.base.models.res_users: GC 'auth_totp.device' delete 0 entries 
2025-06-02 05:43:42,570 10024 INFO odoo_loi odoo.models.unlink: User #1 deleted bus.bus records with IDs: [45, 46, 47, 48, 49] 
2025-06-02 05:43:42,755 10024 INFO odoo_loi odoo.addons.sms.models.sms_sms: GC'd 0 sms marked for deletion 
2025-06-02 05:43:42,780 10024 INFO odoo_loi odoo.addons.base.models.ir_cron: Job 'Base: Auto-vacuum internal data' (1) done in 0.403s 
2025-06-02 05:43:42,784 10024 INFO odoo_loi odoo.addons.base.models.ir_cron: Job 'Base: Auto-vacuum internal data' (1) processed 0 records, 0 records remaining 
2025-06-02 05:43:42,792 10024 INFO odoo_loi odoo.addons.base.models.ir_cron: Job 'Base: Auto-vacuum internal data' (1) completed 
2025-06-02 05:44:43,468 10024 INFO odoo_loi odoo.addons.base.models.ir_cron: Job 'Base: Auto-vacuum internal data' (1) starting 
2025-06-02 05:44:43,513 10024 INFO odoo_loi odoo.addons.base.models.ir_attachment: filestore gc 0 checked, 0 removed 
2025-06-02 05:44:43,578 10024 INFO odoo_loi odoo.addons.base.models.res_users: GC'd 0 user log entries 
2025-06-02 05:44:43,586 10024 INFO odoo_loi odoo.addons.base.models.res_users: GC 'res.users.apikeys' delete 0 entries 
2025-06-02 05:44:43,592 10024 INFO odoo_loi odoo.addons.base.models.res_device: GC device logs delete 0 entries 
2025-06-02 05:44:43,593 10024 INFO odoo_loi odoo.addons.base.models.res_device: GC device logs delete 0 entries 
2025-06-02 05:44:43,610 10024 INFO odoo_loi odoo.addons.base.models.res_users: GC 'auth_totp.device' delete 0 entries 
2025-06-02 05:44:43,620 10024 INFO odoo_loi odoo.models.unlink: User #1 deleted bus.bus records with IDs: [50, 51, 52, 53, 54] 
2025-06-02 05:44:43,782 10024 INFO odoo_loi odoo.addons.sms.models.sms_sms: GC'd 0 sms marked for deletion 
2025-06-02 05:44:43,800 10024 INFO odoo_loi odoo.addons.base.models.ir_cron: Job 'Base: Auto-vacuum internal data' (1) done in 0.332s 
2025-06-02 05:44:43,804 10024 INFO odoo_loi odoo.addons.base.models.ir_cron: Job 'Base: Auto-vacuum internal data' (1) processed 0 records, 0 records remaining 
2025-06-02 05:44:43,810 10024 INFO odoo_loi odoo.addons.base.models.ir_cron: Job 'Base: Auto-vacuum internal data' (1) completed 
2025-06-02 05:44:54,789 6008 INFO ? odoo: Odoo version 18.0 
2025-06-02 05:44:54,790 6008 INFO ? odoo: Using configuration file at C:\Users\odvid\OneDrive\Desktop\python\odoo-18\odoo.conf 
2025-06-02 05:44:54,790 6008 INFO ? odoo: addons paths: ['C:\\Users\\odvid\\OneDrive\\Desktop\\python\\odoo-18\\odoo\\addons', 'c:\\users\\odvid\\appdata\\local\\openerp s.a\\odoo\\addons\\18.0', 'c:\\users\\odvid\\onedrive\\desktop\\python\\odoo-18\\addons', 'c:\\users\\odvid\\onedrive\\desktop\\python\\dtt_app\\apps', 'c:\\users\\odvid\\onedrive\\desktop\\python\\odoo-18\\odoo\\addons'] 
2025-06-02 05:44:54,790 6008 INFO ? odoo: database: odoo_dev@localhost:5432 
2025-06-02 05:44:55,117 6008 INFO ? odoo.addons.base.models.ir_actions_report: You need Wkhtmltopdf to print a pdf version of the reports. 
2025-06-02 05:44:55,127 6008 INFO ? odoo.addons.base.models.ir_actions_report: You need Wkhtmltoimage to generate images from html. 
2025-06-02 05:44:55,662 6008 INFO ? odoo.service.server: HTTP service (werkzeug) running on Chaerin:8069 
2025-06-02 05:44:55,874 6008 INFO ? odoo.modules.loading: loading 1 modules... 
2025-06-02 05:44:55,884 6008 INFO ? odoo.modules.loading: 1 modules loaded in 0.01s, 0 queries (+0 extra) 
2025-06-02 05:44:55,929 6008 INFO ? odoo.modules.loading: loading 26 modules... 
2025-06-02 05:44:57,155 6008 INFO ? odoo.modules.loading: 26 modules loaded in 1.23s, 0 queries (+0 extra) 
2025-06-02 05:44:57,306 6008 INFO ? odoo.modules.loading: Modules loaded. 
2025-06-02 05:44:57,313 6008 INFO ? odoo.modules.registry: Registry loaded in 1.501s 
2025-06-02 05:44:57,316 6008 INFO odoo_loi odoo.addons.base.models.ir_http: Generating routing map for key None 
2025-06-02 05:44:57,371 6008 INFO odoo_loi werkzeug: 127.0.0.1 - - [02/Jun/2025 05:44:57] "GET /websocket?version=18.0-5 HTTP/1.1" 101 - 20 0.042 1.521
2025-06-02 05:44:57,393 6008 INFO odoo_loi werkzeug: 127.0.0.1 - - [02/Jun/2025 05:44:57] "POST /bus/has_missed_notifications HTTP/1.1" 200 - 2 0.003 0.006
2025-06-02 05:44:57,755 6008 INFO ? odoo.addons.bus.models.bus: Bus.loop listen imbus on db postgres 
2025-06-02 05:44:58,942 6008 INFO odoo_loi werkzeug: 127.0.0.1 - - [02/Jun/2025 05:44:58] "POST /web/action/load HTTP/1.1" 200 - 11 0.018 1.025
2025-06-02 05:44:59,059 6008 INFO odoo_loi werkzeug: 127.0.0.1 - - [02/Jun/2025 05:44:59] "POST /web/dataset/call_kw/ir.module.module/search_panel_select_range HTTP/1.1" 200 - 6 0.011 0.081
2025-06-02 05:44:59,149 6008 INFO odoo_loi werkzeug: 127.0.0.1 - - [02/Jun/2025 05:44:59] "POST /web/dataset/call_kw/ir.module.module/search_panel_select_range HTTP/1.1" 200 - 57 0.046 0.133
2025-06-02 05:44:59,199 6008 INFO odoo_loi werkzeug: 127.0.0.1 - - [02/Jun/2025 05:44:59] "POST /web/dataset/call_kw/ir.module.module/web_search_read HTTP/1.1" 200 - 4 0.017 0.205
2025-06-02 05:44:59,325 6008 INFO odoo_loi werkzeug: 127.0.0.1 - - [02/Jun/2025 05:44:59] "POST /web/dataset/call_kw/ir.module.module/search_panel_select_range HTTP/1.1" 200 - 1 0.001 0.009
2025-06-02 05:44:59,412 6008 INFO odoo_loi werkzeug: 127.0.0.1 - - [02/Jun/2025 05:44:59] "POST /web/dataset/call_kw/ir.module.module/search_panel_select_range HTTP/1.1" 200 - 54 0.042 0.049
2025-06-02 05:44:59,439 6008 INFO odoo_loi werkzeug: 127.0.0.1 - - [02/Jun/2025 05:44:59] "POST /web/dataset/call_kw/ir.module.module/web_search_read HTTP/1.1" 200 - 3 0.005 0.109
2025-06-02 05:45:02,814 6008 INFO odoo_loi odoo.addons.base.models.ir_module: ALLOW access to module.button_immediate_upgrade on ['Test App'] to user emmanuellouisgonzaga@gmail.com #2 via 127.0.0.1 
2025-06-02 05:45:02,817 6008 INFO odoo_loi odoo.addons.base.models.ir_module: ALLOW access to module.button_upgrade on ['Test App'] to user emmanuellouisgonzaga@gmail.com #2 via 127.0.0.1 
2025-06-02 05:45:02,818 6008 INFO odoo_loi odoo.addons.base.models.ir_module: ALLOW access to module.update_list on ['Test App'] to user emmanuellouisgonzaga@gmail.com #2 via 127.0.0.1 
2025-06-02 05:45:04,574 6008 INFO odoo_loi odoo.addons.base.models.ir_module: ALLOW access to module.button_install on [] to user emmanuellouisgonzaga@gmail.com #2 via 127.0.0.1 
2025-06-02 05:45:04,664 6008 INFO odoo_loi odoo.modules.loading: loading 1 modules... 
2025-06-02 05:45:04,674 6008 INFO odoo_loi odoo.modules.loading: 1 modules loaded in 0.01s, 0 queries (+0 extra) 
2025-06-02 05:45:04,733 6008 INFO odoo_loi odoo.modules.loading: updating modules list 
2025-06-02 05:45:04,739 6008 INFO odoo_loi odoo.addons.base.models.ir_module: ALLOW access to module.update_list on [] to user __system__ #1 via 127.0.0.1 
2025-06-02 05:45:06,809 6008 INFO odoo_loi odoo.modules.loading: loading 26 modules... 
2025-06-02 05:45:06,810 6008 INFO odoo_loi odoo.modules.loading: Loading module test (2/26) 
2025-06-02 05:45:07,064 6008 INFO odoo_loi odoo.modules.loading: Module test loaded in 0.25s, 14 queries (+14 other) 
2025-06-02 05:45:07,111 6008 INFO odoo_loi odoo.modules.loading: 26 modules loaded in 0.30s, 14 queries (+14 extra) 
2025-06-02 05:45:08,073 6008 INFO odoo_loi odoo.modules.loading: Modules loaded. 
2025-06-02 05:45:08,093 6008 INFO odoo_loi odoo.modules.registry: Registry changed, signaling through the database 
2025-06-02 05:45:08,094 6008 INFO odoo_loi odoo.modules.registry: Registry loaded in 3.452s 
2025-06-02 05:45:08,096 6008 INFO odoo_loi odoo.addons.base.models.ir_module: getting next ir.actions.todo() 
2025-06-02 05:45:08,103 6008 INFO odoo_loi werkzeug: 127.0.0.1 - - [02/Jun/2025 05:45:08] "POST /web/dataset/call_button/ir.module.module/button_immediate_upgrade HTTP/1.1" 200 - 3912 1.691 3.609
2025-06-02 05:45:08,118 6008 INFO odoo_loi odoo.addons.base.models.ir_http: Generating routing map for key None 
2025-06-02 05:45:09,672 6008 INFO odoo_loi werkzeug: 127.0.0.1 - - [02/Jun/2025 05:45:09] "GET /odoo HTTP/1.1" 200 - 87 0.043 1.514
2025-06-02 05:45:10,029 6008 INFO odoo_loi werkzeug: 127.0.0.1 - - [02/Jun/2025 05:45:10] "GET /bus/websocket_worker_bundle?v=18.0-5 HTTP/1.1" 304 - 4 0.006 0.074
2025-06-02 05:45:10,030 6008 INFO odoo_loi werkzeug: 127.0.0.1 - - [02/Jun/2025 05:45:10] "GET /web/image?model=res.users&field=avatar_128&id=2 HTTP/1.1" 304 - 9 0.019 0.049
2025-06-02 05:45:10,056 6008 INFO odoo_loi werkzeug: 127.0.0.1 - - [02/Jun/2025 05:45:10] "POST /web/action/load HTTP/1.1" 200 - 7 0.011 0.076
2025-06-02 05:45:10,077 6008 INFO odoo_loi werkzeug: 127.0.0.1 - - [02/Jun/2025 05:45:10] "GET /websocket?version=18.0-5 HTTP/1.1" 101 - 1 0.003 0.017
2025-06-02 05:45:10,181 6008 INFO odoo_loi werkzeug: 127.0.0.1 - - [02/Jun/2025 05:45:10] "POST /mail/data HTTP/1.1" 200 - 43 0.073 0.132
2025-06-02 05:45:10,313 6008 INFO odoo_loi werkzeug: 127.0.0.1 - - [02/Jun/2025 05:45:10] "POST /mail/data HTTP/1.1" 200 - 62 0.058 0.110
2025-06-02 05:45:10,418 6008 INFO odoo_loi werkzeug: 127.0.0.1 - - [02/Jun/2025 05:45:10] "POST /mail/inbox/messages HTTP/1.1" 200 - 5 0.004 0.010
2025-06-02 05:45:10,693 6008 INFO odoo_loi werkzeug: 127.0.0.1 - - [02/Jun/2025 05:45:10] "GET /web/service-worker.js HTTP/1.1" 200 - 1 0.000 0.013
2025-06-02 05:45:12,383 6008 INFO odoo_loi werkzeug: 127.0.0.1 - - [02/Jun/2025 05:45:12] "GET /odoo/apps?debug=1 HTTP/1.1" 200 - 14 0.004 0.049
2025-06-02 05:45:12,716 6008 INFO odoo_loi werkzeug: 127.0.0.1 - - [02/Jun/2025 05:45:12] "GET /web/image?model=res.users&field=avatar_128&id=2 HTTP/1.1" 304 - 9 0.015 0.033
2025-06-02 05:45:12,727 6008 INFO odoo_loi werkzeug: 127.0.0.1 - - [02/Jun/2025 05:45:12] "POST /web/action/load HTTP/1.1" 200 - 11 0.030 0.027
2025-06-02 05:45:12,854 6008 INFO odoo_loi werkzeug: 127.0.0.1 - - [02/Jun/2025 05:45:12] "POST /mail/data HTTP/1.1" 200 - 28 0.093 0.062
2025-06-02 05:45:12,931 6008 INFO odoo_loi werkzeug: 127.0.0.1 - - [02/Jun/2025 05:45:12] "POST /web/dataset/call_kw/ir.module.module/get_views HTTP/1.1" 200 - 56 0.053 0.137
2025-06-02 05:45:12,957 6008 INFO odoo_loi werkzeug: 127.0.0.1 - - [02/Jun/2025 05:45:12] "POST /web/dataset/call_kw/ir.module.module/search_panel_select_range HTTP/1.1" 200 - 1 0.001 0.011
2025-06-02 05:45:13,040 6008 INFO odoo_loi werkzeug: 127.0.0.1 - - [02/Jun/2025 05:45:13] "POST /web/dataset/call_kw/ir.module.module/search_panel_select_range HTTP/1.1" 200 - 57 0.047 0.044
2025-06-02 05:45:13,073 6008 INFO odoo_loi werkzeug: 127.0.0.1 - - [02/Jun/2025 05:45:13] "POST /web/dataset/call_kw/ir.module.module/web_search_read HTTP/1.1" 200 - 4 0.004 0.113
2025-06-02 05:45:13,412 6008 INFO ? werkzeug: 127.0.0.1 - - [02/Jun/2025 05:45:13] "GET /test/static/description/icon.png HTTP/1.1" 200 - 0 0.000 0.005
2025-06-02 05:45:13,499 6008 INFO odoo_loi werkzeug: 127.0.0.1 - - [02/Jun/2025 05:45:13] "GET /web/service-worker.js HTTP/1.1" 200 - 1 0.001 0.005
2025-06-02 05:46:57,791 6008 INFO odoo_loi odoo.addons.base.models.ir_cron: Job 'Base: Auto-vacuum internal data' (1) starting 
2025-06-02 05:46:57,851 6008 INFO odoo_loi odoo.addons.base.models.ir_attachment: filestore gc 0 checked, 0 removed 
2025-06-02 05:46:57,928 6008 INFO odoo_loi odoo.addons.base.models.res_users: GC'd 0 user log entries 
2025-06-02 05:46:57,940 6008 INFO odoo_loi odoo.addons.base.models.res_users: GC 'res.users.apikeys' delete 0 entries 
2025-06-02 05:46:57,950 6008 INFO odoo_loi odoo.addons.base.models.res_device: GC device logs delete 0 entries 
2025-06-02 05:46:57,951 6008 INFO odoo_loi odoo.addons.base.models.res_device: GC device logs delete 0 entries 
2025-06-02 05:46:57,973 6008 INFO odoo_loi odoo.addons.base.models.res_users: GC 'auth_totp.device' delete 0 entries 
2025-06-02 05:46:57,987 6008 INFO odoo_loi odoo.models.unlink: User #1 deleted bus.bus records with IDs: [55, 56, 57, 58, 59, 60, 61, 62, 63, 64, 65, 66] 
2025-06-02 05:46:58,185 6008 INFO odoo_loi odoo.addons.sms.models.sms_sms: GC'd 0 sms marked for deletion 
2025-06-02 05:46:58,210 6008 INFO odoo_loi odoo.addons.base.models.ir_cron: Job 'Base: Auto-vacuum internal data' (1) done in 0.419s 
2025-06-02 05:46:58,215 6008 INFO odoo_loi odoo.addons.base.models.ir_cron: Job 'Base: Auto-vacuum internal data' (1) processed 0 records, 0 records remaining 
2025-06-02 05:46:58,224 6008 INFO odoo_loi odoo.addons.base.models.ir_cron: Job 'Base: Auto-vacuum internal data' (1) completed 
2025-06-02 05:52:26,532 6008 INFO odoo_loi werkzeug: 127.0.0.1 - - [02/Jun/2025 05:52:26] "GET /odoo/apps?debug=1 HTTP/1.1" 200 - 14 0.008 0.033
2025-06-02 05:52:26,847 6008 INFO odoo_loi werkzeug: 127.0.0.1 - - [02/Jun/2025 05:52:26] "GET /web/image?model=res.users&field=avatar_128&id=2 HTTP/1.1" 304 - 9 0.008 0.028
2025-06-02 05:52:26,855 6008 INFO odoo_loi werkzeug: 127.0.0.1 - - [02/Jun/2025 05:52:26] "GET /bus/websocket_worker_bundle?v=18.0-5 HTTP/1.1" 304 - 3 0.004 0.018
2025-06-02 05:52:26,885 6008 INFO odoo_loi werkzeug: 127.0.0.1 - - [02/Jun/2025 05:52:26] "POST /web/action/load HTTP/1.1" 200 - 11 0.024 0.029
2025-06-02 05:52:26,916 6008 INFO odoo_loi werkzeug: 127.0.0.1 - - [02/Jun/2025 05:52:26] "GET /websocket?version=18.0-5 HTTP/1.1" 101 - 1 0.000 0.031
2025-06-02 05:52:26,946 6008 INFO odoo_loi werkzeug: 127.0.0.1 - - [02/Jun/2025 05:52:26] "POST /mail/data HTTP/1.1" 200 - 28 0.040 0.065
2025-06-02 05:52:26,948 6008 INFO odoo_loi werkzeug: 127.0.0.1 - - [02/Jun/2025 05:52:26] "POST /web/dataset/call_kw/ir.module.module/get_views HTTP/1.1" 200 - 2 0.004 0.039
2025-06-02 05:52:26,994 6008 INFO odoo_loi werkzeug: 127.0.0.1 - - [02/Jun/2025 05:52:26] "POST /web/dataset/call_kw/ir.module.module/search_panel_select_range HTTP/1.1" 200 - 1 0.001 0.010
2025-06-02 05:52:27,083 6008 INFO odoo_loi werkzeug: 127.0.0.1 - - [02/Jun/2025 05:52:27] "POST /web/dataset/call_kw/ir.module.module/search_panel_select_range HTTP/1.1" 200 - 54 0.050 0.048
2025-06-02 05:52:27,114 6008 INFO odoo_loi werkzeug: 127.0.0.1 - - [02/Jun/2025 05:52:27] "POST /web/dataset/call_kw/ir.module.module/web_search_read HTTP/1.1" 200 - 3 0.005 0.107
2025-06-02 05:52:27,561 6008 INFO odoo_loi werkzeug: 127.0.0.1 - - [02/Jun/2025 05:52:27] "GET /web/service-worker.js HTTP/1.1" 200 - 1 0.001 0.004
2025-06-02 05:52:28,905 6008 INFO odoo_loi werkzeug: 127.0.0.1 - - [02/Jun/2025 05:52:28] "POST /web/action/load HTTP/1.1" 200 - 9 0.007 0.020
2025-06-02 05:52:28,959 6008 INFO odoo_loi werkzeug: 127.0.0.1 - - [02/Jun/2025 05:52:28] "POST /web/dataset/call_kw/base.module.update/get_views HTTP/1.1" 200 - 12 0.007 0.028
2025-06-02 05:52:29,361 6008 INFO odoo_loi werkzeug: 127.0.0.1 - - [02/Jun/2025 05:52:29] "POST /web/dataset/call_kw/base.module.update/onchange HTTP/1.1" 200 - 2 0.003 0.009
2025-06-02 05:52:37,174 16876 INFO ? odoo: Odoo version 18.0 
2025-06-02 05:52:37,174 16876 INFO ? odoo: Using configuration file at C:\Users\odvid\OneDrive\Desktop\python\odoo-18\odoo.conf 
2025-06-02 05:52:37,174 16876 INFO ? odoo: addons paths: ['C:\\Users\\odvid\\OneDrive\\Desktop\\python\\odoo-18\\odoo\\addons', 'c:\\users\\odvid\\appdata\\local\\openerp s.a\\odoo\\addons\\18.0', 'c:\\users\\odvid\\onedrive\\desktop\\python\\dtt_app\\apps', 'c:\\users\\odvid\\onedrive\\desktop\\python\\odoo-18\\odoo\\addons'] 
2025-06-02 05:52:37,175 16876 INFO ? odoo: database: odoo_dev@localhost:5432 
2025-06-02 05:52:37,480 16876 INFO ? odoo.addons.base.models.ir_actions_report: You need Wkhtmltopdf to print a pdf version of the reports. 
2025-06-02 05:52:37,490 16876 INFO ? odoo.addons.base.models.ir_actions_report: You need Wkhtmltoimage to generate images from html. 
2025-06-02 05:52:37,862 16876 CRITICAL ? odoo.modules.module: Couldn't load module web 
2025-06-02 05:52:37,863 16876 ERROR ? odoo.service.server: Failed to load server-wide module `web`.
The `web` module is provided by the addons found in the `openerp-web` project.
Maybe you forgot to add those addons in your addons_path configuration. 
Traceback (most recent call last):
  File "C:\Users\odvid\OneDrive\Desktop\python\odoo-18\odoo\service\server.py", line 1274, in load_server_wide_modules
    odoo.modules.module.load_openerp_module(m)
  File "C:\Users\odvid\OneDrive\Desktop\python\odoo-18\odoo\modules\module.py", line 384, in load_openerp_module
    __import__(qualname)
ModuleNotFoundError: No module named 'odoo.addons.web'
2025-06-02 05:52:37,893 16876 INFO ? odoo.service.server: HTTP service (werkzeug) running on Chaerin:8069 
2025-06-02 05:52:38,154 16876 INFO ? odoo.modules.loading: loading 1 modules... 
2025-06-02 05:52:38,164 16876 INFO ? odoo.modules.loading: 1 modules loaded in 0.01s, 0 queries (+0 extra) 
2025-06-02 05:52:38,207 16876 WARNING ? odoo.modules.graph: module mail: not installable, skipped 
2025-06-02 05:52:38,208 16876 WARNING ? odoo.modules.graph: module google_gmail: not installable, skipped 
2025-06-02 05:52:38,209 16876 WARNING ? odoo.modules.graph: module auth_signup: not installable, skipped 
2025-06-02 05:52:38,210 16876 WARNING ? odoo.modules.graph: module base_import: not installable, skipped 
2025-06-02 05:52:38,210 16876 WARNING ? odoo.modules.graph: module base_install_request: not installable, skipped 
2025-06-02 05:52:38,211 16876 WARNING ? odoo.modules.graph: module sms: not installable, skipped 
2025-06-02 05:52:38,212 16876 WARNING ? odoo.modules.graph: module privacy_lookup: not installable, skipped 
2025-06-02 05:52:38,213 16876 WARNING ? odoo.modules.graph: module phone_validation: not installable, skipped 
2025-06-02 05:52:38,213 16876 WARNING ? odoo.modules.graph: module web: not installable, skipped 
2025-06-02 05:52:38,214 16876 WARNING ? odoo.modules.graph: module web_unsplash: not installable, skipped 
2025-06-02 05:52:38,215 16876 WARNING ? odoo.modules.graph: module mail_bot: not installable, skipped 
2025-06-02 05:52:38,217 16876 WARNING ? odoo.modules.graph: module web_tour: not installable, skipped 
2025-06-02 05:52:38,218 16876 WARNING ? odoo.modules.graph: module bus: not installable, skipped 
2025-06-02 05:52:38,218 16876 WARNING ? odoo.modules.graph: module iap: not installable, skipped 
2025-06-02 05:52:38,219 16876 WARNING ? odoo.modules.graph: module web_editor: not installable, skipped 
2025-06-02 05:52:38,221 16876 WARNING ? odoo.modules.graph: module base_import_module: not installable, skipped 
2025-06-02 05:52:38,222 16876 WARNING ? odoo.modules.graph: module html_editor: not installable, skipped 
2025-06-02 05:52:38,222 16876 WARNING ? odoo.modules.graph: module auth_totp: not installable, skipped 
2025-06-02 05:52:38,223 16876 WARNING ? odoo.modules.graph: module base_setup: not installable, skipped 
2025-06-02 05:52:38,224 16876 WARNING ? odoo.modules.graph: module auth_totp_mail: not installable, skipped 
2025-06-02 05:52:38,224 16876 WARNING ? odoo.modules.graph: module fleet: not installable, skipped 
2025-06-02 05:52:38,225 16876 WARNING ? odoo.modules.graph: module iap_mail: not installable, skipped 
2025-06-02 05:52:38,226 16876 WARNING ? odoo.modules.graph: module partner_autocomplete: not installable, skipped 
2025-06-02 05:52:38,227 16876 WARNING ? odoo.modules.graph: module snailmail: not installable, skipped 
2025-06-02 05:52:38,228 16876 INFO ? odoo.modules.loading: loading 2 modules... 
2025-06-02 05:52:38,229 16876 INFO ? odoo.modules.loading: 2 modules loaded in 0.00s, 0 queries (+0 extra) 
2025-06-02 05:52:38,342 16876 ERROR ? odoo.modules.loading: Some modules are not loaded, some dependencies or manifest may be missing: ['auth_signup', 'auth_totp', 'auth_totp_mail', 'base_import', 'base_import_module', 'base_install_request', 'base_setup', 'bus', 'fleet', 'google_gmail', 'html_editor', 'iap', 'iap_mail', 'mail', 'mail_bot', 'partner_autocomplete', 'phone_validation', 'privacy_lookup', 'sms', 'snailmail', 'web', 'web_editor', 'web_tour', 'web_unsplash'] 
2025-06-02 05:52:38,343 16876 INFO ? odoo.modules.loading: Modules loaded. 
2025-06-02 05:52:38,348 16876 INFO ? odoo.modules.registry: Registry loaded in 0.368s 
2025-06-02 05:52:38,351 16876 INFO odoo_loi odoo.addons.base.models.ir_http: Generating routing map for key None 
2025-06-02 05:52:38,360 16876 INFO odoo_loi werkzeug: 127.0.0.1 - - [02/Jun/2025 05:52:38] "GET /websocket?version=18.0-5 HTTP/1.1" 404 - 18 0.075 0.310
2025-06-02 05:52:38,889 16876 INFO odoo_loi werkzeug: 127.0.0.1 - - [02/Jun/2025 05:52:38] "POST /web/dataset/call_kw/base.module.update/web_save HTTP/1.1" 404 - 2 0.000 0.053
2025-06-02 05:52:40,927 16876 INFO odoo_loi werkzeug: 127.0.0.1 - - [02/Jun/2025 05:52:40] "POST /web/webclient/version_info HTTP/1.1" 404 - 2 0.001 0.008
2025-06-02 05:52:41,112 16876 INFO odoo_loi werkzeug: 127.0.0.1 - - [02/Jun/2025 05:52:41] "POST /web/dataset/call_kw/base.module.update/web_save HTTP/1.1" 404 - 2 0.002 0.006
2025-06-02 05:52:41,118 16876 INFO odoo_loi werkzeug: 127.0.0.1 - - [02/Jun/2025 05:52:41] "GET /odoo/apps?debug=1 HTTP/1.1" 404 - 2 0.001 0.006
2025-06-02 05:52:41,932 16876 INFO odoo_loi werkzeug: 127.0.0.1 - - [02/Jun/2025 05:52:41] "GET /web/service-worker.js HTTP/1.1" 404 - 2 0.001 0.005
2025-06-02 05:52:51,459 16876 INFO odoo_loi werkzeug: 127.0.0.1 - - [02/Jun/2025 05:52:51] "GET /odoo/apps?debug=1 HTTP/1.1" 404 - 2 0.001 0.006
2025-06-02 05:52:52,490 16876 INFO odoo_loi werkzeug: 127.0.0.1 - - [02/Jun/2025 05:52:52] "GET /web/service-worker.js HTTP/1.1" 404 - 2 0.001 0.004
2025-06-02 05:52:53,345 16876 INFO odoo_loi werkzeug: 127.0.0.1 - - [02/Jun/2025 05:52:53] "GET / HTTP/1.1" 404 - 2 0.002 0.005
2025-06-02 05:53:00,068 8984 INFO ? odoo: Odoo version 18.0 
2025-06-02 05:53:00,068 8984 INFO ? odoo: Using configuration file at C:\Users\odvid\OneDrive\Desktop\python\odoo-18\odoo.conf 
2025-06-02 05:53:00,068 8984 INFO ? odoo: addons paths: ['C:\\Users\\odvid\\OneDrive\\Desktop\\python\\odoo-18\\odoo\\addons', 'c:\\users\\odvid\\appdata\\local\\openerp s.a\\odoo\\addons\\18.0', 'c:\\users\\odvid\\onedrive\\desktop\\python\\dtt_app\\apps', 'c:\\users\\odvid\\onedrive\\desktop\\python\\odoo-18\\odoo\\addons'] 
2025-06-02 05:53:00,068 8984 INFO ? odoo: database: odoo_dev@localhost:5432 
2025-06-02 05:53:00,363 8984 INFO ? odoo.addons.base.models.ir_actions_report: You need Wkhtmltopdf to print a pdf version of the reports. 
2025-06-02 05:53:00,372 8984 INFO ? odoo.addons.base.models.ir_actions_report: You need Wkhtmltoimage to generate images from html. 
2025-06-02 05:53:00,743 8984 CRITICAL ? odoo.modules.module: Couldn't load module web 
2025-06-02 05:53:00,744 8984 ERROR ? odoo.service.server: Failed to load server-wide module `web`.
The `web` module is provided by the addons found in the `openerp-web` project.
Maybe you forgot to add those addons in your addons_path configuration. 
Traceback (most recent call last):
  File "C:\Users\odvid\OneDrive\Desktop\python\odoo-18\odoo\service\server.py", line 1274, in load_server_wide_modules
    odoo.modules.module.load_openerp_module(m)
  File "C:\Users\odvid\OneDrive\Desktop\python\odoo-18\odoo\modules\module.py", line 384, in load_openerp_module
    __import__(qualname)
ModuleNotFoundError: No module named 'odoo.addons.web'
2025-06-02 05:53:00,758 8984 INFO ? odoo.service.server: HTTP service (werkzeug) running on Chaerin:8069 
2025-06-02 05:53:01,012 8984 INFO ? odoo.modules.loading: loading 1 modules... 
2025-06-02 05:53:01,022 8984 INFO ? odoo.modules.loading: 1 modules loaded in 0.01s, 0 queries (+0 extra) 
2025-06-02 05:53:01,039 8984 WARNING ? odoo.modules.graph: module mail: not installable, skipped 
2025-06-02 05:53:01,040 8984 WARNING ? odoo.modules.graph: module google_gmail: not installable, skipped 
2025-06-02 05:53:01,040 8984 WARNING ? odoo.modules.graph: module auth_signup: not installable, skipped 
2025-06-02 05:53:01,041 8984 WARNING ? odoo.modules.graph: module base_import: not installable, skipped 
2025-06-02 05:53:01,042 8984 WARNING ? odoo.modules.graph: module base_install_request: not installable, skipped 
2025-06-02 05:53:01,043 8984 WARNING ? odoo.modules.graph: module sms: not installable, skipped 
2025-06-02 05:53:01,043 8984 WARNING ? odoo.modules.graph: module privacy_lookup: not installable, skipped 
2025-06-02 05:53:01,044 8984 WARNING ? odoo.modules.graph: module phone_validation: not installable, skipped 
2025-06-02 05:53:01,044 8984 WARNING ? odoo.modules.graph: module web: not installable, skipped 
2025-06-02 05:53:01,045 8984 WARNING ? odoo.modules.graph: module web_unsplash: not installable, skipped 
2025-06-02 05:53:01,045 8984 WARNING ? odoo.modules.graph: module mail_bot: not installable, skipped 
2025-06-02 05:53:01,049 8984 WARNING ? odoo.modules.graph: module web_tour: not installable, skipped 
2025-06-02 05:53:01,050 8984 WARNING ? odoo.modules.graph: module bus: not installable, skipped 
2025-06-02 05:53:01,051 8984 WARNING ? odoo.modules.graph: module iap: not installable, skipped 
2025-06-02 05:53:01,052 8984 WARNING ? odoo.modules.graph: module web_editor: not installable, skipped 
2025-06-02 05:53:01,052 8984 WARNING ? odoo.modules.graph: module base_import_module: not installable, skipped 
2025-06-02 05:53:01,052 8984 WARNING ? odoo.modules.graph: module html_editor: not installable, skipped 
2025-06-02 05:53:01,053 8984 WARNING ? odoo.modules.graph: module auth_totp: not installable, skipped 
2025-06-02 05:53:01,054 8984 WARNING ? odoo.modules.graph: module base_setup: not installable, skipped 
2025-06-02 05:53:01,054 8984 WARNING ? odoo.modules.graph: module auth_totp_mail: not installable, skipped 
2025-06-02 05:53:01,055 8984 WARNING ? odoo.modules.graph: module fleet: not installable, skipped 
2025-06-02 05:53:01,055 8984 WARNING ? odoo.modules.graph: module iap_mail: not installable, skipped 
2025-06-02 05:53:01,057 8984 WARNING ? odoo.modules.graph: module partner_autocomplete: not installable, skipped 
2025-06-02 05:53:01,058 8984 WARNING ? odoo.modules.graph: module snailmail: not installable, skipped 
2025-06-02 05:53:01,059 8984 INFO ? odoo.modules.loading: loading 2 modules... 
2025-06-02 05:53:01,060 8984 INFO ? odoo.modules.loading: 2 modules loaded in 0.00s, 0 queries (+0 extra) 
2025-06-02 05:53:01,168 8984 ERROR ? odoo.modules.loading: Some modules are not loaded, some dependencies or manifest may be missing: ['auth_signup', 'auth_totp', 'auth_totp_mail', 'base_import', 'base_import_module', 'base_install_request', 'base_setup', 'bus', 'fleet', 'google_gmail', 'html_editor', 'iap', 'iap_mail', 'mail', 'mail_bot', 'partner_autocomplete', 'phone_validation', 'privacy_lookup', 'sms', 'snailmail', 'web', 'web_editor', 'web_tour', 'web_unsplash'] 
2025-06-02 05:53:01,171 8984 INFO ? odoo.modules.loading: Modules loaded. 
2025-06-02 05:53:01,176 8984 INFO ? odoo.modules.registry: Registry loaded in 0.339s 
2025-06-02 05:53:01,178 8984 INFO odoo_loi odoo.addons.base.models.ir_http: Generating routing map for key None 
2025-06-02 05:53:01,187 8984 INFO odoo_loi werkzeug: 127.0.0.1 - - [02/Jun/2025 05:53:01] "GET / HTTP/1.1" 404 - 18 0.042 0.313
2025-06-02 05:53:11,877 8984 INFO odoo_loi werkzeug: 127.0.0.1 - - [02/Jun/2025 05:53:11] "GET /odoo/apps?debug=1 HTTP/1.1" 404 - 2 0.001 0.005
2025-06-02 05:53:12,923 8984 INFO odoo_loi werkzeug: 127.0.0.1 - - [02/Jun/2025 05:53:12] "GET /web/service-worker.js HTTP/1.1" 404 - 2 0.003 0.004
2025-06-02 05:53:17,519 4776 INFO ? odoo: Odoo version 18.0 
2025-06-02 05:53:17,520 4776 INFO ? odoo: Using configuration file at C:\Users\odvid\OneDrive\Desktop\python\odoo-18\odoo.conf 
2025-06-02 05:53:17,520 4776 INFO ? odoo: addons paths: ['C:\\Users\\odvid\\OneDrive\\Desktop\\python\\odoo-18\\odoo\\addons', 'c:\\users\\odvid\\appdata\\local\\openerp s.a\\odoo\\addons\\18.0', 'c:\\users\\odvid\\onedrive\\desktop\\python\\odoo-18\\addons', 'c:\\users\\odvid\\onedrive\\desktop\\python\\dtt_app\\apps', 'c:\\users\\odvid\\onedrive\\desktop\\python\\odoo-18\\odoo\\addons'] 
2025-06-02 05:53:17,520 4776 INFO ? odoo: database: odoo_dev@localhost:5432 
2025-06-02 05:53:17,815 4776 INFO ? odoo.addons.base.models.ir_actions_report: You need Wkhtmltopdf to print a pdf version of the reports. 
2025-06-02 05:53:17,826 4776 INFO ? odoo.addons.base.models.ir_actions_report: You need Wkhtmltoimage to generate images from html. 
2025-06-02 05:53:18,347 4776 INFO ? odoo.service.server: HTTP service (werkzeug) running on Chaerin:8069 
2025-06-02 05:53:18,641 4776 INFO ? odoo.modules.loading: loading 1 modules... 
2025-06-02 05:53:18,653 4776 INFO ? odoo.modules.loading: 1 modules loaded in 0.01s, 0 queries (+0 extra) 
2025-06-02 05:53:18,702 4776 INFO ? odoo.modules.loading: loading 26 modules... 
2025-06-02 05:53:19,896 4776 INFO ? odoo.modules.loading: 26 modules loaded in 1.19s, 0 queries (+0 extra) 
2025-06-02 05:53:20,041 4776 INFO ? odoo.modules.loading: Modules loaded. 
2025-06-02 05:53:20,048 4776 INFO ? odoo.modules.registry: Registry loaded in 1.477s 
2025-06-02 05:53:20,050 4776 INFO odoo_loi odoo.addons.base.models.ir_http: Generating routing map for key None 
2025-06-02 05:53:21,524 4776 INFO odoo_loi werkzeug: 127.0.0.1 - - [02/Jun/2025 05:53:21] "GET /odoo/apps?debug=1 HTTP/1.1" 200 - 108 0.127 2.830
2025-06-02 05:53:21,897 4776 INFO odoo_loi werkzeug: 127.0.0.1 - - [02/Jun/2025 05:53:21] "GET /bus/websocket_worker_bundle?v=18.0-5 HTTP/1.1" 304 - 4 0.003 0.011
2025-06-02 05:53:21,917 4776 INFO odoo_loi werkzeug: 127.0.0.1 - - [02/Jun/2025 05:53:21] "GET /websocket?version=18.0-5 HTTP/1.1" 101 - 1 0.001 0.006
2025-06-02 05:53:22,280 4776 INFO ? odoo.addons.bus.models.bus: Bus.loop listen imbus on db postgres 
2025-06-02 05:53:22,591 4776 INFO odoo_loi werkzeug: 127.0.0.1 - - [02/Jun/2025 05:53:22] "GET /web/service-worker.js HTTP/1.1" 200 - 1 0.001 0.054
2025-06-02 05:53:22,625 4776 INFO odoo_loi werkzeug: 127.0.0.1 - - [02/Jun/2025 05:53:22] "GET /web/image?model=res.users&field=avatar_128&id=2 HTTP/1.1" 304 - 13 0.013 0.068
2025-06-02 05:53:22,847 4776 INFO odoo_loi werkzeug: 127.0.0.1 - - [02/Jun/2025 05:53:22] "POST /mail/data HTTP/1.1" 200 - 43 0.043 0.063
2025-06-02 05:53:23,639 4776 INFO odoo_loi werkzeug: 127.0.0.1 - - [02/Jun/2025 05:53:23] "POST /web/action/load HTTP/1.1" 200 - 12 0.015 1.075
2025-06-02 05:53:23,773 4776 INFO odoo_loi werkzeug: 127.0.0.1 - - [02/Jun/2025 05:53:23] "POST /web/dataset/call_kw/ir.module.module/get_views HTTP/1.1" 200 - 56 0.034 0.089
2025-06-02 05:53:23,795 4776 INFO odoo_loi werkzeug: 127.0.0.1 - - [02/Jun/2025 05:53:23] "POST /web/dataset/call_kw/ir.module.module/search_panel_select_range HTTP/1.1" 200 - 1 0.000 0.009
2025-06-02 05:53:23,882 4776 INFO odoo_loi werkzeug: 127.0.0.1 - - [02/Jun/2025 05:53:23] "POST /web/dataset/call_kw/ir.module.module/search_panel_select_range HTTP/1.1" 200 - 57 0.044 0.048
2025-06-02 05:53:23,928 4776 INFO odoo_loi werkzeug: 127.0.0.1 - - [02/Jun/2025 05:53:23] "POST /web/dataset/call_kw/ir.module.module/web_search_read HTTP/1.1" 200 - 4 0.013 0.118
2025-06-02 06:02:27,685 4776 INFO odoo_loi odoo.addons.base.models.ir_cron: Job 'Notification: Notify scheduled messages' (8) starting 
2025-06-02 06:02:27,703 4776 INFO odoo_loi odoo.addons.base.models.ir_cron: Job 'Notification: Notify scheduled messages' (8) done in 0.017s 
2025-06-02 06:02:27,710 4776 INFO odoo_loi odoo.addons.base.models.ir_cron: Job 'Notification: Notify scheduled messages' (8) processed 0 records, 0 records remaining 
2025-06-02 06:02:27,718 4776 INFO odoo_loi odoo.addons.base.models.ir_cron: Job 'Notification: Notify scheduled messages' (8) completed 
2025-06-02 06:02:27,727 4776 INFO odoo_loi odoo.addons.base.models.ir_cron: Job 'SMS: SMS Queue Manager' (15) starting 
2025-06-02 06:02:27,740 4776 INFO odoo_loi odoo.addons.base.models.ir_cron: Job 'SMS: SMS Queue Manager' (15) done in 0.013s 
2025-06-02 06:02:27,745 4776 INFO odoo_loi odoo.addons.base.models.ir_cron: Job 'SMS: SMS Queue Manager' (15) processed 0 records, 0 records remaining 
2025-06-02 06:02:27,750 4776 INFO odoo_loi odoo.addons.base.models.ir_cron: Job 'SMS: SMS Queue Manager' (15) completed 
2025-06-02 06:02:27,841 4776 INFO odoo_loi odoo.addons.base.models.ir_cron: Job 'Snailmail: process letters queue' (16) starting 
2025-06-02 06:02:27,853 4776 INFO odoo_loi odoo.addons.base.models.ir_cron: Job 'Mail: Email Queue Manager' (3) starting 
2025-06-02 06:02:27,853 4776 INFO odoo_loi odoo.addons.base.models.ir_cron: Job 'Snailmail: process letters queue' (16) done in 0.012s 
2025-06-02 06:02:27,861 4776 INFO odoo_loi odoo.addons.base.models.ir_cron: Job 'Snailmail: process letters queue' (16) processed 0 records, 0 records remaining 
2025-06-02 06:02:27,868 4776 INFO odoo_loi odoo.addons.base.models.ir_cron: Job 'Snailmail: process letters queue' (16) completed 
2025-06-02 06:02:27,878 4776 INFO odoo_loi odoo.addons.base.models.ir_cron: Job 'Partner Autocomplete: Sync with remote DB' (14) starting 
2025-06-02 06:02:27,885 4776 INFO odoo_loi odoo.addons.base.models.ir_cron: Job 'Mail: Email Queue Manager' (3) done in 0.032s 
2025-06-02 06:02:27,891 4776 INFO odoo_loi odoo.addons.base.models.ir_cron: Job 'Mail: Email Queue Manager' (3) processed 0 records, 0 records remaining 
2025-06-02 06:02:27,893 4776 INFO odoo_loi odoo.addons.base.models.ir_cron: Job 'Partner Autocomplete: Sync with remote DB' (14) done in 0.014s 
2025-06-02 06:02:27,899 4776 INFO odoo_loi odoo.addons.base.models.ir_cron: Job 'Partner Autocomplete: Sync with remote DB' (14) processed 0 records, 0 records remaining 
2025-06-02 06:02:27,905 4776 INFO odoo_loi odoo.addons.base.models.ir_cron: Job 'Partner Autocomplete: Sync with remote DB' (14) completed 
2025-06-02 06:02:27,905 4776 INFO odoo_loi odoo.addons.base.models.ir_cron: Job 'Mail: Email Queue Manager' (3) completed 
